<?xml version="1.0" encoding="UTF-8"?>
<actor PGFVersion="0.17" id="id544281" GSCVersion="0.9.92"><attributes><text id="name">Weight</text><real id="time">0</real><point id="position"><real id="x">0</real><real id="y">0</real></point><size id="size"><real id="width">34</real><real id="height">48</real></size><angle id="rotation">0</angle><color id="color"><real id="red">1</real><real id="green">1</real><real id="blue">1</real><real id="alpha">1</real></color><image id="image">chap10-weight</image><text id="tags"></text><boolean id="preloadArt">true</boolean><real name="InitX" id="id102004">0</real><real name="InitY" id="id970100">0</real></attributes><behaviors><behavior id="id457538" class="CompoundBehavior" enabled="true"><attributes><text id="name">Position the Weight</text><text id="bundleName">Group.behavior</text></attributes><behaviors><behavior id="id614506" class="NoteBehavior" enabled="true"><attributes><text id="name">Note</text><text id="bundleName">Note.behavior</text><text id="note">We position the Weight with Change Attribute behaviors</text></attributes></behavior><behavior id="id643141" class="ChangeAttributeAction" enabled="true"><attributes><text id="name">Change Attribute</text><text id="bundleName">ChangeAttribute.behavior</text><text id="targetAttribute">self.attributes.position.x</text><text id="RHS">160</text></attributes></behavior><behavior id="id329351" class="ChangeAttributeAction" enabled="true"><attributes><text id="name">Change Attribute</text><text id="bundleName">ChangeAttribute.behavior</text><text id="targetAttribute">self.attributes.position.y</text><text id="RHS">240</text></attributes></behavior></behaviors></behavior><behavior id="id724517" class="CompoundBehavior" enabled="true"><attributes><text id="name">Init</text><text id="bundleName">Group.behavior</text></attributes><behaviors><behavior id="id962735" class="NoteBehavior" enabled="true"><attributes><text id="name">Note</text><text id="bundleName">Note.behavior</text><text id="note">We store the initial value of the position into the actor attributes InitX and InitY</text></attributes></behavior><behavior id="id633176" class="ChangeAttributeAction" enabled="true"><attributes><text id="name">Change Attribute</text><text id="bundleName">ChangeAttribute.behavior</text><text id="targetAttribute">self.attributes.id102004</text><text id="RHS"><expression><reference keypath="self.attributes.position.x"/></expression></text></attributes></behavior><behavior id="id792294" class="ChangeAttributeAction" enabled="true"><attributes><text id="name">Change Attribute</text><text id="bundleName">ChangeAttribute.behavior</text><text id="targetAttribute">self.attributes.id970100</text><text id="RHS"><expression><reference keypath="self.attributes.position.y"/></expression></text></attributes></behavior></behaviors></behavior><behavior id="id836626" class="NoteBehavior" enabled="true"><attributes><text id="name">Note</text><text id="bundleName">Note.behavior</text><text id="note">The weight setting rule is used when the pendulum is not moving and when the weight is pressed. 
It will constrain the weight on the pendulum axis within Y = 120 and 340</text></attributes></behavior><behavior enabled="true" id="id808830" class="RuleBehavior"><attributes><text id="name">Weight Setting</text><text id="bundleName">Rule.behavior</text><real id="compoundConditionKind">0</real></attributes><conditions><condition id="id277951" pluginPredicateTypeIndex="0" eventType="mouse button"><attributes><index id="conditionType">1</index><text id="subjectAttribute">game.attributes.id362785</text></attributes><predicate type="boolean"><attributes><index id="RHS">0</index></attributes></predicate></condition><condition id="id403730" pluginPredicateTypeIndex="0" eventType="touch"><attributes><index id="conditionType">0</index></attributes><predicate type="touch" conditionType="pressed"><attributes/></predicate></condition></conditions><behaviors><behavior id="id656664" class="ConstrainAttributeBehavior" enabled="true"><attributes><text id="name">Constrain Attribute</text><text id="bundleName">ConstrainAttribute.behavior</text><text id="targetAttribute">self.attributes.position.x</text><text id="RHS">160</text></attributes></behavior><behavior id="id201070" class="ConstrainAttributeBehavior" enabled="true"><attributes><text id="name">Constrain Attribute</text><text id="bundleName">ConstrainAttribute.behavior</text><text id="targetAttribute">self.attributes.position.y</text><text id="RHS"><expression><string>max(120,</string><string>min(340,</string><reference keypath="game.devices.mouse.position.y"/><string>))</string></expression></text></attributes></behavior><behavior id="id130428" class="ConstrainAttributeBehavior" enabled="true"><attributes><text id="name">Constrain Attribute</text><text id="bundleName">ConstrainAttribute.behavior</text><text id="targetAttribute">self.attributes.id970100</text><text id="RHS"><expression><reference keypath="self.attributes.position.y"/></expression></text></attributes></behavior><behavior id="id386194" class="ConstrainAttributeBehavior" enabled="true"><attributes><text id="name">Constrain Attribute</text><text id="bundleName">ConstrainAttribute.behavior</text><text id="targetAttribute">game.attributes.id868010</text><text id="RHS"><expression><string>prec(120/</string><reference keypath="self.attributes.position.y"/><string>,2)</string></expression></text></attributes></behavior></behaviors><elseBehaviors/></behavior><behavior id="id343368" class="NoteBehavior" enabled="true"><attributes><text id="name">Note</text><text id="bundleName">Note.behavior</text><text id="note">When InMovement is false (off is pressed), then we move the weight to its starting position</text></attributes></behavior><behavior enabled="true" id="id951461" class="RuleBehavior"><attributes><text id="name">Go to starting position</text><text id="bundleName">Rule.behavior</text><real id="compoundConditionKind">0</real></attributes><conditions><condition id="id298546" pluginPredicateTypeIndex="0" eventType="mouse button"><attributes><index id="conditionType">1</index><text id="subjectAttribute">game.attributes.id362785</text></attributes><predicate type="boolean"><attributes><index id="RHS">0</index></attributes></predicate></condition></conditions><behaviors><behavior id="id906022" class="ChangeAttributeAction" enabled="true"><attributes><text id="name">Change Attribute</text><text id="bundleName">ChangeAttribute.behavior</text><text id="targetAttribute">self.attributes.position.x</text><text id="RHS"><expression><reference keypath="self.attributes.id102004"/></expression></text></attributes></behavior><behavior id="id327581" class="ChangeAttributeAction" enabled="true"><attributes><text id="name">Change Attribute</text><text id="bundleName">ChangeAttribute.behavior</text><text id="targetAttribute">self.attributes.position.y</text><text id="RHS"><expression><reference keypath="self.attributes.id970100"/></expression></text></attributes></behavior><behavior id="id718082" class="ChangeAttributeAction" enabled="true"><attributes><text id="name">Change Attribute</text><text id="bundleName">ChangeAttribute.behavior</text><text id="targetAttribute">self.attributes.rotation</text><text id="RHS">0</text></attributes></behavior></behaviors><elseBehaviors/></behavior><behavior enabled="true" id="id412275" class="RuleBehavior"><attributes><text id="name">Sync the movement</text><text id="bundleName">Rule.behavior</text><real id="compoundConditionKind">0</real></attributes><conditions><condition id="id539866" pluginPredicateTypeIndex="0" eventType="mouse button"><attributes><index id="conditionType">1</index><text id="subjectAttribute">game.attributes.id362785</text></attributes><predicate type="boolean"><attributes><index id="RHS">1</index></attributes></predicate></condition></conditions><behaviors><behavior id="id424355" class="ConstrainAttributeBehavior" enabled="true"><attributes><text id="name">Constrain Attribute</text><text id="bundleName">ConstrainAttribute.behavior</text><text id="targetAttribute">self.attributes.rotation</text><text id="RHS"><expression><string>(</string><reference keypath="game.attributes.id148761"/><string>-90)</string></expression></text></attributes></behavior><behavior id="id953602" class="ConstrainAttributeBehavior" enabled="true"><attributes><text id="name">Constrain Attribute</text><text id="bundleName">ConstrainAttribute.behavior</text><text id="targetAttribute">self.attributes.position.x</text><text id="RHS"><expression><string>160+magnitude(</string><reference keypath="self.attributes.position.x"/><string>-160,</string><reference keypath="self.attributes.position.y"/><string>-100)*sin(-(</string><reference keypath="game.attributes.id148761"/><string>-90))</string></expression></text></attributes></behavior><behavior id="id995501" class="ConstrainAttributeBehavior" enabled="true"><attributes><text id="name">Constrain Attribute</text><text id="bundleName">ConstrainAttribute.behavior</text><text id="targetAttribute">self.attributes.position.y</text><text id="RHS"><expression><string>100+magnitude(</string><reference keypath="self.attributes.position.x"/><string>-160,</string><reference keypath="self.attributes.position.y"/><string>-100)*cos(</string><reference keypath="game.attributes.id148761"/><string>-90)</string></expression></text></attributes></behavior></behaviors><elseBehaviors/></behavior></behaviors><aspects><graphics><attributes><boolean id="visible">true</boolean><enumeration id="blendingMode">0</enumeration><enumeration id="horizontalWrap">0</enumeration><enumeration id="verticalWrap">0</enumeration><enumeration id="horizontalAnchor">0</enumeration><enumeration id="verticalAnchor">0</enumeration><boolean id="flipHorizontally">false</boolean><boolean id="flipVertically">false</boolean></attributes></graphics><motion><attributes><point id="linearVelocity"><real id="x">0</real><real id="y">0</real></point><real id="angularVelocity">0</real><real id="maxSpeed">0</real><boolean id="applyMaxSpeed">false</boolean></attributes></motion><physics><attributes><real id="density">1</real><real id="friction">3</real><real id="restitution">1</real><boolean id="fixedRotation">false</boolean><boolean id="movable">true</boolean><enumeration id="collisionShape">0</enumeration><real id="drag">0</real><real id="angularDrag">0</real></attributes></physics></aspects></actor>
