<?xml version="1.0" encoding="UTF-8"?>
<scene id="id269551" GSCVersion="0.9.89" PGFVersion="0.17"><layers><layer id="id112326"><actors><actor id="id757767" prototype="id734841"><attributes><point id="position"><real id="x">158.773</real><real id="y">240.254</real></point><size id="size"><real id="width">320</real><real id="height">480</real></size></attributes><aspects/></actor><actor id="id120348" prototype="id646531"><attributes><point id="position"><real id="x">49.9258</real><real id="y">415.184</real></point></attributes><aspects/></actor><actor id="id216767" prototype="id646531"><attributes><point id="position"><real id="x">83.1328</real><real id="y">415.516</real></point></attributes><aspects/></actor><actor id="id311912" prototype="id646531"><attributes><point id="position"><real id="x">122.398</real><real id="y">415.656</real></point></attributes><aspects/></actor><actor id="id850227" prototype="id646531"><attributes><point id="position"><real id="x">159.41</real><real id="y">415.086</real></point></attributes><aspects/></actor><actor id="id683338" prototype="id646531"><attributes><point id="position"><real id="x">197.59</real><real id="y">415.363</real></point><size id="size"><real id="width">12</real><real id="height">42</real></size></attributes><aspects/></actor><actor id="id973912" prototype="id646531"><attributes><point id="position"><real id="x">237.258</real><real id="y">415.184</real></point><size id="size"><real id="width">12</real><real id="height">42</real></size></attributes><aspects/></actor><actor id="id277024" prototype="id646531"><attributes><point id="position"><real id="x">275.578</real><real id="y">414.961</real></point></attributes><aspects/></actor><actor id="id179009" prototype="id490851"><attributes><point id="position"><real id="x">157.566</real><real id="y">40.5977</real></point></attributes><aspects/></actor><actor id="id652060" prototype="id522014"><attributes><point id="position"><real id="x">-5.04297</real><real id="y">239.945</real></point><size id="size"><real id="width">10</real><real id="height">480</real></size></attributes><aspects/></actor><actor id="id376243" prototype="id522014"><attributes><point id="position"><real id="x">325.332</real><real id="y">240.461</real></point></attributes><aspects/></actor><actor id="id163939" prototype="id646531"><attributes><point id="position"><real id="x">67.9727</real><real id="y">365.766</real></point></attributes><aspects/></actor><actor id="id260507" prototype="id646531"><attributes><point id="position"><real id="x">17.6641</real><real id="y">364.461</real></point></attributes><aspects/></actor><actor id="id439873" prototype="id646531"><attributes><point id="position"><real id="x">111.277</real><real id="y">366.461</real></point></attributes><aspects/></actor><actor id="id849755" prototype="id646531"><attributes><point id="position"><real id="x">149.402</real><real id="y">367.445</real></point></attributes><aspects/></actor><actor id="id730173" prototype="id646531"><attributes><point id="position"><real id="x">185.316</real><real id="y">365.891</real></point></attributes><aspects/></actor><actor id="id575297" prototype="id646531"><attributes><point id="position"><real id="x">226.125</real><real id="y">364.391</real></point></attributes><aspects/></actor><actor id="id222394" prototype="id646531"><attributes><point id="position"><real id="x">266.844</real><real id="y">363.352</real></point></attributes><aspects/></actor><actor id="id238611" prototype="id924380"><attributes><point id="position"><real id="x">154.123</real><real id="y">514.623</real></point><size id="size"><real id="width">86.582</real><real id="height">91.5117</real></size></attributes><aspects/></actor><actor id="id915372" prototype="id924380"><attributes><point id="position"><real id="x">16.2891</real><real id="y">509.379</real></point><size id="size"><real id="width">45.25</real><real id="height">49.9141</real></size></attributes><aspects/></actor></actors><attributes><text id="name">Background</text><boolean id="scrollable">true</boolean></attributes></layer></layers><attributes><text id="name">Initial Scene</text><real id="time">0</real><size id="size"><real id="width">320</real><real id="height">480</real></size><boolean id="wrapX">false</boolean><boolean id="wrapY">false</boolean><point id="gravity"><real id="x">0</real><real id="y">0</real></point><color id="color"><real id="red">0</real><real id="green">0</real><real id="blue">0</real><real id="alpha">1</real></color><rect id="camera"><point id="origin"><real id="x">0</real><real id="y">0</real></point><size id="size"><real id="width">320</real><real id="height">480</real></size><size id="trackingArea"><real id="width">240</real><real id="height">400</real></size><real id="rotation">0</real></rect><attributes id="autorotate"><boolean id="landscapeLeft">false</boolean><boolean id="portrait">true</boolean><boolean id="landscapeRight">false</boolean><boolean id="portraitUpsideDown">false</boolean></attributes></attributes></scene>
