<?xml version="1.0" encoding="UTF-8"?>
<game GSCVersion="0.9.90" PGFVersion="0.17" title="Labyrinth"><resolutionIndependence>0</resolutionIndependence><instructions>Move the phone</instructions><resolution>0</resolution><longDescription>Put the ball in the hole</longDescription><prototypes><actor id="id616588"/><actor id="id688735"/><actor id="id234161"/><actor id="id726853"/><actor id="id938853"/><actor id="id972261"/><actor id="id601822"/><actor id="id304349"/><actor id="id136193"/></prototypes><plugins><attributes id="kiip"><text id="appKey"></text><text id="appSecret"></text><text id="achievementIdentifiers"></text><text id="achievementNames"></text><text id="leaderboardIdentifiers"></text><text id="leaderboardNames"></text></attributes><attributes id="tapMe"><integer id="gameID">0</integer><text id="augmentIdentifiers"></text><text id="augmentNames"></text><text id="augmentCategoryIds"></text><integer id="activeAugmentID">0</integer></attributes></plugins><scenes><scene id="id269551"/></scenes><attributes><text id="name">default name</text><real id="time">0</real><size id="displaySize"><real id="width">480</real><real id="height">320</real></size><text id="actorTags"></text><real name="BallX" id="id396559">0</real><real name="BallY" id="id533087">0</real><boolean name="OpenDoor" id="id596577">false</boolean><real name="Test" id="id134443">0</real></attributes></game>
