<?xml version="1.0" encoding="UTF-8"?>
<game GSCVersion="0.9.90" PGFVersion="0.17" title="Canon Show Part I"><tags>Gravity, Slingshot, Angry Birds</tags><resolutionIndependence>0</resolutionIndependence><instructions>Use your finger to pullback an block with a slingshot</instructions><resolution>0</resolution><longDescription>A Angry Bird -like game done with GameSalad</longDescription><prototypes><actor id="id481881"/><actor id="id208187"/><actor id="id798373"/><actor id="id968300"/><actor id="id854669"/><actor id="id675250"/><actor id="id571617"/><actor id="id509064"/><actor id="id264049"/><actor id="id205059"/><actor id="id580896"/><actor id="id615089"/><actor id="id789205"/></prototypes><plugins><attributes id="kiip"><text id="appKey"></text><text id="appSecret"></text><text id="achievementIdentifiers"></text><text id="achievementNames"></text><text id="leaderboardIdentifiers"></text><text id="leaderboardNames"></text></attributes><attributes id="tapMe"><integer id="gameID">0</integer><text id="augmentIdentifiers"></text><text id="augmentNames"></text><text id="augmentCategoryIds"></text><integer id="activeAugmentID">0</integer></attributes></plugins><scenes><scene id="id714897"/><scene id="id269551"/></scenes><attributes><text id="name">default name</text><real id="time">0</real><size id="displaySize"><real id="width">480</real><real id="height">320</real></size><text id="actorTags">Collidable</text><real name="InitialProjectileX" id="id676734">0</real><real name="InitialProjectileY" id="id643602">0</real><integer name="MaxPower" id="id519018">75</integer><real name="ProjectileX" id="id286266">0</real><real name="ProjectileY" id="id859711">0</real><integer name="Attemptleft" id="id487824">4</integer><boolean name="Change Projectile" id="id736206">false</boolean><table name="Hard Block1" id="id548030">Hard Block1</table><table name="Hard Block2" id="id383015">Hard Block2</table><table name="Soft Block" id="id100794">Soft Block</table><table name="Target" id="id808972">Target</table><integer name="WhatLevel" id="id394741">1</integer><boolean name="TargetDestroyed" id="id503451">false</boolean><integer name="MaxLevel" id="id956188">1</integer><real name="TouchX" id="id399581">0</real><real name="ReleaseX" id="id525742">0</real></attributes></game>
