<?xml version="1.0" encoding="UTF-8"?>
<scene id="id269551" GSCVersion="0.9.90" PGFVersion="0.17"><layers><layer id="id112326"><actors><actor id="id576877" prototype="id869043"><attributes><point id="position"><real id="x">49.8477</real><real id="y">194.395</real></point></attributes><aspects/></actor><actor id="id125941" prototype="id321591"><attributes><point id="position"><real id="x">431.938</real><real id="y">217.168</real></point></attributes><aspects/></actor></actors><attributes><text id="name">Background</text><boolean id="scrollable">true</boolean></attributes></layer></layers><attributes><text id="name">Initial Scene</text><real id="time">0</real><size id="size"><real id="width">480</real><real id="height">320</real></size><boolean id="wrapX">false</boolean><boolean id="wrapY">false</boolean><point id="gravity"><real id="x">0</real><real id="y">0</real></point><color id="color"><real id="red">0</real><real id="green">0</real><real id="blue">0</real><real id="alpha">1</real></color><rect id="camera"><point id="origin"><real id="x">0</real><real id="y">0</real></point><size id="size"><real id="width">480</real><real id="height">320</real></size><size id="trackingArea"><real id="width">400</real><real id="height">260</real></size><real id="rotation">0</real></rect><attributes id="autorotate"><boolean id="landscapeLeft">true</boolean><boolean id="portrait">false</boolean><boolean id="landscapeRight">false</boolean><boolean id="portraitUpsideDown">false</boolean></attributes></attributes></scene>
