<?xml version="1.0" encoding="UTF-8"?>
<scene id="id269551" GSCVersion="0.9.90" PGFVersion="0.17"><layers><layer id="id112326"><actors><actor id="id460943" prototype="id282874"><attributes><point id="position"><real id="x">332.215</real><real id="y">437.906</real></point></attributes><aspects/></actor><actor id="id383042" prototype="id176141"><attributes><point id="position"><real id="x">-9.96094</real><real id="y">512.566</real></point><size id="size"><real id="width">20</real><real id="height">1024</real></size></attributes><aspects/></actor><actor id="id851764" prototype="id176141"><attributes><point id="position"><real id="x">777.5</real><real id="y">513.461</real></point><size id="size"><real id="width">20</real><real id="height">1024</real></size></attributes><aspects/></actor><actor id="id262235" prototype="id107659"><attributes><point id="position"><real id="x">384.129</real><real id="y">1034.74</real></point><size id="size"><real id="width">768</real><real id="height">20</real></size></attributes><aspects/></actor><actor id="id505897" prototype="id918110"><attributes><point id="position"><real id="x">382.629</real><real id="y">-9.58984</real></point><size id="size"><real id="width">768</real><real id="height">20</real></size></attributes><aspects/></actor><actor id="id412911" prototype="id506373"><attributes><point id="position"><real id="x">380.84</real><real id="y">510.291</real></point><size id="size"><real id="width">700</real><real id="height">300</real></size></attributes><aspects/></actor><actor id="id740545" prototype="id944790"><attributes><point id="position"><real id="x">52.3281</real><real id="y">997.68</real></point><size id="size"><real id="width">81.3203</real><real id="height">50.0703</real></size></attributes><aspects/></actor><actor id="id193327" prototype="id696517"><attributes><point id="position"><real id="x">66.5625</real><real id="y">964.679</real></point><size id="size"><real id="width">128</real><real id="height">47</real></size></attributes><aspects/></actor><actor id="id978201" prototype="id696517"><attributes><point id="position"><real id="x">192.398</real><real id="y">964.031</real></point><size id="size"><real id="width">128</real><real id="height">47</real></size></attributes><aspects/></actor><actor id="id968263" prototype="id696517"><attributes><point id="position"><real id="x">319.746</real><real id="y">964.793</real></point><size id="size"><real id="width">128</real><real id="height">47</real></size></attributes><aspects/></actor><actor id="id966653" prototype="id696517"><attributes><point id="position"><real id="x">447.578</real><real id="y">964.945</real></point><size id="size"><real id="width">128</real><real id="height">47</real></size></attributes><aspects/></actor><actor id="id816952" prototype="id696517"><attributes><point id="position"><real id="x">575.773</real><real id="y">964.906</real></point><size id="size"><real id="width">128</real><real id="height">47</real></size></attributes><aspects/></actor><actor id="id352273" prototype="id696517"><attributes><point id="position"><real id="x">703.551</real><real id="y">964.336</real></point><size id="size"><real id="width">128</real><real id="height">47</real></size></attributes><aspects/></actor><actor id="id216132" prototype="id462613"><attributes><point id="position"><real id="x">704.371</real><real id="y">919.363</real></point><size id="size"><real id="width">128</real><real id="height">44</real></size></attributes><aspects/></actor><actor id="id178778" prototype="id462613"><attributes><point id="position"><real id="x">577.73</real><real id="y">919.531</real></point><size id="size"><real id="width">128</real><real id="height">47</real></size></attributes><aspects/></actor><actor id="id861688" prototype="id462613"><attributes><point id="position"><real id="x">449.219</real><real id="y">918.281</real></point><size id="size"><real id="width">128</real><real id="height">47</real></size></attributes><aspects/></actor><actor id="id489633" prototype="id462613"><attributes><point id="position"><real id="x">321.148</real><real id="y">918.168</real></point><size id="size"><real id="width">128</real><real id="height">47</real></size></attributes><aspects/></actor><actor id="id445281" prototype="id462613"><attributes><point id="position"><real id="x">193.48</real><real id="y">918.281</real></point><size id="size"><real id="width">128</real><real id="height">44</real></size></attributes><aspects/></actor><actor id="id249399" prototype="id462613"><attributes><point id="position"><real id="x">65.7891</real><real id="y">918.918</real></point><size id="size"><real id="width">128</real><real id="height">44</real></size></attributes><aspects/></actor><actor id="id332258" prototype="id462613"><attributes><point id="position"><real id="x">66.0508</real><real id="y">875.738</real></point><size id="size"><real id="width">128</real><real id="height">44</real></size></attributes><aspects/></actor><actor id="id326803" prototype="id462613"><attributes><point id="position"><real id="x">192.496</real><real id="y">875.988</real></point><size id="size"><real id="width">128</real><real id="height">47</real></size></attributes><aspects/></actor><actor id="id814402" prototype="id462613"><attributes><point id="position"><real id="x">319.441</real><real id="y">875.281</real></point><size id="size"><real id="width">128</real><real id="height">44</real></size></attributes><aspects/></actor><actor id="id970331" prototype="id462613"><attributes><point id="position"><real id="x">447.426</real><real id="y">875.406</real></point><size id="size"><real id="width">128</real><real id="height">44</real></size></attributes><aspects/></actor><actor id="id362815" prototype="id462613"><attributes><point id="position"><real id="x">575.812</real><real id="y">875.918</real></point><size id="size"><real id="width">128</real><real id="height">44</real></size></attributes><aspects/></actor><actor id="id248793" prototype="id462613"><attributes><point id="position"><real id="x">703.035</real><real id="y">875.086</real></point><size id="size"><real id="width">128</real><real id="height">44</real></size></attributes><aspects/></actor><actor id="id707405" prototype="id696517"><attributes><point id="position"><real id="x">704.621</real><real id="y">829.238</real></point><size id="size"><real id="width">128</real><real id="height">47</real></size></attributes><aspects/></actor><actor id="id175605" prototype="id696517"><attributes><point id="position"><real id="x">576.508</real><real id="y">829.656</real></point><size id="size"><real id="width">128</real><real id="height">47</real></size></attributes><aspects/></actor><actor id="id470839" prototype="id696517"><attributes><point id="position"><real id="x">448.969</real><real id="y">829.879</real></point><size id="size"><real id="width">128</real><real id="height">47</real></size></attributes><aspects/></actor><actor id="id967964" prototype="id696517"><attributes><point id="position"><real id="x">321.594</real><real id="y">829.961</real></point><size id="size"><real id="width">128</real><real id="height">47</real></size></attributes><aspects/></actor><actor id="id714919" prototype="id696517"><attributes><point id="position"><real id="x">193.355</real><real id="y">829.168</real></point><size id="size"><real id="width">128</real><real id="height">47</real></size></attributes><aspects/></actor><actor id="id354821" prototype="id696517"><attributes><point id="position"><real id="x">65.7852</real><real id="y">829.906</real></point><size id="size"><real id="width">128</real><real id="height">47</real></size></attributes><aspects/></actor><actor id="id786388" prototype="id945677"><attributes><point id="position"><real id="x">359.812</real><real id="y">74.1406</real></point><size id="size"><real id="width">142</real><real id="height">42</real></size></attributes><aspects/></actor><actor id="id695812" prototype="id601019"><attributes><point id="position"><real id="x">55.1133</real><real id="y">92.9648</real></point><size id="size"><real id="width">100</real><real id="height">100</real></size></attributes><aspects/></actor><actor id="id432121" prototype="id178878"><attributes><point id="position"><real id="x">382.684</real><real id="y">999.461</real></point><size id="size"><real id="width">260</real><real id="height">100</real></size></attributes><aspects/></actor></actors><attributes><text id="name">Background</text><boolean id="scrollable">true</boolean></attributes></layer></layers><attributes><text id="name">Level 1</text><real id="time">0</real><size id="size"><real id="width">768</real><real id="height">1024</real></size><boolean id="wrapX">false</boolean><boolean id="wrapY">false</boolean><point id="gravity"><real id="x">0</real><real id="y">0</real></point><color id="color"><real id="red">0</real><real id="green">0</real><real id="blue">0</real><real id="alpha">1</real></color><rect id="camera"><point id="origin"><real id="x">0</real><real id="y">0</real></point><size id="size"><real id="width">768</real><real id="height">1024</real></size><size id="trackingArea"><real id="width">688</real><real id="height">944</real></size><real id="rotation">0</real></rect><attributes id="autorotate"><boolean id="landscapeLeft">false</boolean><boolean id="portrait">true</boolean><boolean id="landscapeRight">false</boolean><boolean id="portraitUpsideDown">true</boolean></attributes></attributes></scene>
