<?xml version="1.0" encoding="UTF-8"?>
<actor PGFVersion="0.17" id="id498562" GSCVersion="0.9.90"><attributes><text id="name">Ball</text><real id="time">0</real><point id="position"><real id="x">0</real><real id="y">0</real></point><size id="size"><real id="width">30</real><real id="height">30</real></size><angle id="rotation">0</angle><color id="color"><real id="red">1</real><real id="green">1</real><real id="blue">1</real><real id="alpha">1</real></color><image id="image">ball</image><text id="tags"></text><boolean id="preloadArt">true</boolean></attributes><behaviors><behavior id="id971252" class="ChangeVelocityAction" enabled="true"><attributes><text id="name">Change Velocity</text><text id="bundleName">ChangeVelocity.behavior</text><angle id="direction"><expression><string>random(70,110)</string></expression></angle><index id="space">1</index><real id="speed">300</real></attributes></behavior><behavior id="id962706" class="CollideBehavior" enabled="true"><attributes><text id="name">Collide</text><text id="bundleName">Collide.behavior</text><text id="prototypeKey">id696517</text><text id="actorTag">Collidable</text><index id="mode">1</index></attributes></behavior><behavior id="id572031" class="NoteBehavior" enabled="true"><attributes><text id="name">Note</text><text id="bundleName">Note.behavior</text><text id="note">Rule to detect an overlap of the ball with the loosing zone. Then the following actions are performed:
 - destruction of the ball
 - change ActiveBall to False
 - decrement the number of live by 1</text></attributes></behavior><behavior enabled="true" id="id838135" class="RuleBehavior"><attributes><text id="name">Loosing Zone</text><text id="bundleName">Rule.behavior</text><real id="compoundConditionKind">0</real></attributes><conditions><condition id="id721375" pluginPredicateTypeIndex="0" eventType="overlaps or collides"><attributes><index id="conditionType">0</index></attributes><predicate type="collision"><attributes><text id="prototypeKey">id918110</text><text id="actorTag">Collidable</text><real id="mode">0</real></attributes></predicate></condition></conditions><behaviors><behavior id="id657228" class="ChangeAttributeAction" enabled="true"><attributes><text id="name">Change Attribute</text><text id="bundleName">ChangeAttribute.behavior</text><text id="targetAttribute">game.attributes.id863764</text><text id="RHS">0</text></attributes></behavior><behavior id="id522359" class="ChangeAttributeAction" enabled="true"><attributes><text id="name">Change Attribute</text><text id="bundleName">ChangeAttribute.behavior</text><text id="targetAttribute">game.attributes.id522454</text><text id="RHS"><expression><reference keypath="game.attributes.id522454"/><string>-1</string></expression></text></attributes></behavior><behavior id="id440341" class="DestroyAction" enabled="true"><attributes><text id="name">Destroy</text><text id="bundleName">Destroy.behavior</text></attributes></behavior></behaviors><elseBehaviors/></behavior><behavior id="id301508" class="NoteBehavior" enabled="true"><attributes><text id="name">Note</text><text id="bundleName">Note.behavior</text><text id="note">This rule will be triggered when all bricks are destroyed. It will change the attribute 'TextToDisplay' from empty to 'You win' and also destroy the ball. 
Because it does not change the 'ActiveBall' attribute,</text></attributes></behavior><behavior enabled="true" id="id904174" class="RuleBehavior"><attributes><text id="name">All Bricks are destroyed</text><text id="bundleName">Rule.behavior</text><real id="compoundConditionKind">0</real></attributes><conditions><condition id="id500676" pluginPredicateTypeIndex="0" eventType="mouse button"><attributes><index id="conditionType">1</index><text id="subjectAttribute">game.attributes.id229547</text></attributes><predicate type="number"><attributes><text id="operator">=</text><real id="RHS">0</real></attributes></predicate></condition></conditions><behaviors><behavior id="id775133" class="TimerBehavior" enabled="true"><attributes><text id="name">Timer</text><text id="bundleName">Timer.behavior</text><index id="timerType">1</index><real id="interval">0.3</real><boolean id="runToCompletion">false</boolean></attributes><behaviors><behavior id="id580309" class="ChangeAttributeAction" enabled="true"><attributes><text id="name">Change Attribute</text><text id="bundleName">ChangeAttribute.behavior</text><text id="targetAttribute">game.attributes.id863764</text><text id="RHS">0</text></attributes></behavior><behavior id="id497910" class="ChangeSceneAction" enabled="true"><attributes><text id="name">Change Scene</text><text id="bundleName">ChangeScene.behavior</text><text id="sceneKey">next</text></attributes></behavior><behavior id="id912285" class="DestroyAction" enabled="true"><attributes><text id="name">Destroy</text><text id="bundleName">Destroy.behavior</text></attributes></behavior></behaviors></behavior></behaviors><elseBehaviors/></behavior><behavior id="id153559" class="NoteBehavior" enabled="true"><attributes><text id="name">Note</text><text id="bundleName">Note.behavior</text><text id="note">The below rule is used to assign the value 'Game Over' to the TextToDisplay attribute when the attribute lives is equal to 0</text></attributes></behavior><behavior enabled="true" id="id942149" class="RuleBehavior"><attributes><text id="name">Rule</text><text id="bundleName">Rule.behavior</text><real id="compoundConditionKind">0</real></attributes><conditions><condition id="id765884" pluginPredicateTypeIndex="0" eventType="mouse button"><attributes><index id="conditionType">1</index><text id="subjectAttribute">game.attributes.id522454</text></attributes><predicate type="number"><attributes><text id="operator">=</text><real id="RHS">0</real></attributes></predicate></condition></conditions><behaviors><behavior id="id187372" class="ChangeAttributeAction" enabled="true"><attributes><text id="name">Change Attribute</text><text id="bundleName">ChangeAttribute.behavior</text><text id="targetAttribute">game.attributes.id711042</text><text id="RHS">Game Over! - Tap here to retry</text></attributes></behavior></behaviors><elseBehaviors/></behavior><behavior enabled="true" id="id393869" class="RuleBehavior"><attributes><text id="name">Rule</text><text id="bundleName">Rule.behavior</text><real id="compoundConditionKind">0</real></attributes><conditions><condition id="id263059" pluginPredicateTypeIndex="0" eventType="mouse button"><attributes><index id="conditionType">1</index><text id="subjectAttribute">self.aspects.motion.attributes.linearVelocity.y</text></attributes><predicate type="number"><attributes><text id="operator">=</text><real id="RHS">0</real></attributes></predicate></condition></conditions><behaviors><behavior enabled="true" id="id486085" class="RuleBehavior"><attributes><text id="name">Rule</text><text id="bundleName">Rule.behavior</text><real id="compoundConditionKind">0</real></attributes><conditions><condition id="id847574" pluginPredicateTypeIndex="0" eventType="overlaps or collides"><attributes><index id="conditionType">0</index></attributes><predicate type="collision"><attributes><text id="prototypeKey">id696517</text><text id="actorTag">Collidable</text><real id="mode">1</real></attributes></predicate></condition></conditions><behaviors><behavior id="id440462" class="ChangeAttributeAction" enabled="true"><attributes><text id="name">Change Attribute</text><text id="bundleName">ChangeAttribute.behavior</text><text id="targetAttribute">self.aspects.motion.attributes.linearVelocity.y</text><text id="RHS"><expression><string>random(70,120)*(-1)^(random(1,2))</string></expression></text></attributes></behavior></behaviors><elseBehaviors/></behavior></behaviors><elseBehaviors/></behavior><behavior enabled="true" id="id447053" class="RuleBehavior"><attributes><text id="name">Rule</text><text id="bundleName">Rule.behavior</text><real id="compoundConditionKind">0</real></attributes><conditions><condition id="id263059" pluginPredicateTypeIndex="0" eventType="mouse button"><attributes><index id="conditionType">1</index><text id="subjectAttribute">self.aspects.motion.attributes.linearVelocity.x</text></attributes><predicate type="number"><attributes><text id="operator">=</text><real id="RHS">0</real></attributes></predicate></condition></conditions><behaviors><behavior enabled="true" id="id486085" class="RuleBehavior"><attributes><text id="name">Rule</text><text id="bundleName">Rule.behavior</text><real id="compoundConditionKind">0</real></attributes><conditions><condition id="id847574" pluginPredicateTypeIndex="0" eventType="overlaps or collides"><attributes><index id="conditionType">0</index></attributes><predicate type="collision"><attributes><text id="prototypeKey">id696517</text><text id="actorTag">Collidable</text><real id="mode">1</real></attributes></predicate></condition></conditions><behaviors><behavior id="id440462" class="ChangeAttributeAction" enabled="true"><attributes><text id="name">Change Attribute</text><text id="bundleName">ChangeAttribute.behavior</text><text id="targetAttribute">self.aspects.motion.attributes.linearVelocity.x</text><text id="RHS"><expression><string>random(70,120)*(-1)^(random(1,2))</string></expression></text></attributes></behavior></behaviors><elseBehaviors/></behavior></behaviors><elseBehaviors/></behavior><behavior id="id835228" class="ConstrainAttributeBehavior" enabled="true"><attributes><text id="name">Constrain Attribute</text><text id="bundleName">ConstrainAttribute.behavior</text><text id="targetAttribute">self.aspects.motion.attributes.applyMaxSpeed</text><text id="RHS">300</text></attributes></behavior></behaviors><aspects><graphics><attributes><boolean id="visible">true</boolean><enumeration id="blendingMode">0</enumeration><enumeration id="horizontalWrap">0</enumeration><enumeration id="verticalWrap">0</enumeration><enumeration id="horizontalAnchor">0</enumeration><enumeration id="verticalAnchor">0</enumeration><boolean id="flipHorizontally">false</boolean><boolean id="flipVertically">false</boolean></attributes></graphics><motion><attributes><point id="linearVelocity"><real id="x">0</real><real id="y">0</real></point><real id="angularVelocity">0</real><real id="maxSpeed">0</real><boolean id="applyMaxSpeed">false</boolean></attributes></motion><physics><attributes><real id="density">1</real><real id="friction">0</real><real id="restitution">1</real><boolean id="fixedRotation">true</boolean><boolean id="movable">true</boolean><enumeration id="collisionShape">1</enumeration><real id="drag">0</real><real id="angularDrag">0</real></attributes></physics></aspects></actor>
