<?xml version="1.0" encoding="UTF-8"?>
<game GSCVersion="0.9.89" PGFVersion="0.17" title="Carrot Invaders"><tags>Carrot Invaders</tags><resolutionIndependence>1</resolutionIndependence><instructions>Automatic shooting
Tilt the device to move left and right (or use the arrows)</instructions><resolution>1</resolution><longDescription>Carrot Invader is a remake of Space Invaders, an arcade video game created in 1978 by Tomohiro Nishikado for Taito.
Defeat Carrot Invasion by shooting at them</longDescription><prototypes><actor id="id646531"/><actor id="id490851"/><actor id="id734841"/><actor id="id257058"/><actor id="id522014"/><actor id="id924380"/></prototypes><plugins><attributes id="kiip"><text id="appKey"></text><text id="appSecret"></text><text id="achievementIdentifiers"></text><text id="achievementNames"></text><text id="leaderboardIdentifiers"></text><text id="leaderboardNames"></text></attributes><attributes id="tapMe"><integer id="gameID">0</integer><text id="augmentIdentifiers"></text><text id="augmentNames"></text><text id="augmentCategoryIds"></text><integer id="activeAugmentID">0</integer></attributes></plugins><scenes><scene id="id269551"/></scenes><attributes><text id="name">default name</text><real id="time">0</real><size id="displaySize"><real id="width">320</real><real id="height">480</real></size><text id="actorTags"></text><integer name="NumberCarrots" id="id445327">0</integer></attributes></game>
