<?xml version="1.0" encoding="UTF-8"?>
<actor PGFVersion="0.17" id="id858209" GSCVersion="0.9.92"><attributes><text id="name">Ball</text><real id="time">0</real><point id="position"><real id="x">0</real><real id="y">0</real></point><size id="size"><real id="width">20</real><real id="height">20</real></size><angle id="rotation">0</angle><color id="color"><real id="red">1</real><real id="green">1</real><real id="blue">1</real><real id="alpha">1</real></color><image id="image">ball</image><text id="tags"></text><boolean id="preloadArt">true</boolean></attributes><behaviors><behavior id="id942568" class="CompoundBehavior" enabled="true"><attributes><text id="name">Accelerometer</text><text id="bundleName">Group.behavior</text></attributes><behaviors><behavior enabled="true" id="id523143" class="RuleBehavior"><attributes><text id="name">up</text><text id="bundleName">Rule.behavior</text><real id="compoundConditionKind">0</real></attributes><conditions><condition id="id614584" eventType="key"><attributes><index id="conditionType">1</index><text id="subjectAttribute">game.devices.accelerometer.x</text><text id="name">default name</text></attributes><predicate type="number"><attributes><text id="operator">&lt;</text><real id="RHS">-0.1</real><text id="name">default name</text></attributes></predicate></condition></conditions><behaviors><behavior id="id198458" class="AccelerateBehavior" enabled="true"><attributes><text id="name">Accelerate</text><text id="bundleName">Accelerate.behavior</text><angle id="direction">270</angle><index id="space">0</index><real id="acceleration"><expression><string>max(100,min(1400,abs(</string><reference keypath="game.devices.accelerometer.x"/><string>*1000)))</string></expression></real></attributes></behavior></behaviors><elseBehaviors/></behavior><behavior enabled="true" id="id845784" class="RuleBehavior"><attributes><text id="name">right</text><text id="bundleName">Rule.behavior</text><real id="compoundConditionKind">0</real></attributes><conditions><condition id="id614584" eventType="key"><attributes><index id="conditionType">1</index><text id="subjectAttribute">game.devices.accelerometer.y</text><text id="name">default name</text></attributes><predicate type="number"><attributes><text id="operator">&gt;</text><real id="RHS">0.1</real><text id="name">default name</text></attributes></predicate></condition></conditions><behaviors><behavior id="id198458" class="AccelerateBehavior" enabled="true"><attributes><text id="name">Accelerate</text><text id="bundleName">Accelerate.behavior</text><angle id="direction">180</angle><index id="space">0</index><real id="acceleration"><expression><string>max(100,min(1400,1000*abs(</string><reference keypath="game.devices.accelerometer.y"/><string>)))</string></expression></real></attributes></behavior></behaviors><elseBehaviors/></behavior><behavior enabled="true" id="id677966" class="RuleBehavior"><attributes><text id="name">down</text><text id="bundleName">Rule.behavior</text><real id="compoundConditionKind">0</real></attributes><conditions><condition id="id614584" eventType="key"><attributes><index id="conditionType">1</index><text id="subjectAttribute">game.devices.accelerometer.x</text><text id="name">default name</text></attributes><predicate type="number"><attributes><text id="operator">&gt;</text><real id="RHS">0.1</real><text id="name">default name</text></attributes></predicate></condition></conditions><behaviors><behavior id="id198458" class="AccelerateBehavior" enabled="true"><attributes><text id="name">Accelerate</text><text id="bundleName">Accelerate.behavior</text><angle id="direction">90</angle><index id="space">0</index><real id="acceleration"><expression><string>max(100,min(1400,abs(</string><reference keypath="game.devices.accelerometer.x"/><string>)*1000))</string></expression></real></attributes></behavior></behaviors><elseBehaviors/></behavior><behavior enabled="true" id="id619612" class="RuleBehavior"><attributes><text id="name">left</text><text id="bundleName">Rule.behavior</text><real id="compoundConditionKind">0</real></attributes><conditions><condition id="id614584" eventType="key"><attributes><index id="conditionType">1</index><text id="subjectAttribute">game.devices.accelerometer.y</text><text id="name">default name</text></attributes><predicate type="number"><attributes><text id="operator">&lt;</text><real id="RHS">-0.1</real><text id="name">default name</text></attributes></predicate></condition></conditions><behaviors><behavior id="id198458" class="AccelerateBehavior" enabled="true"><attributes><text id="name">Accelerate</text><text id="bundleName">Accelerate.behavior</text><angle id="direction">0</angle><index id="space">0</index><real id="acceleration"><expression><string>max(100,min(1400,abs(</string><reference keypath="game.devices.accelerometer.y"/><string>)*1000))</string></expression></real></attributes></behavior></behaviors><elseBehaviors/></behavior></behaviors></behavior><behavior id="id818674" class="CollideBehavior" enabled="true"><attributes><text id="name">Collide</text><text id="bundleName">Collide.behavior</text><text id="prototypeKey">id803801</text><text id="actorTag"></text><index id="mode">0</index></attributes></behavior><behavior id="id853152" class="CollideBehavior" enabled="true"><attributes><text id="name">Collide</text><text id="bundleName">Collide.behavior</text><text id="prototypeKey">id531530</text><text id="actorTag"></text><index id="mode">0</index></attributes></behavior><behavior id="id390640" class="ConstrainAttributeBehavior" enabled="true"><attributes><text id="name">Constrain Attribute</text><text id="bundleName">ConstrainAttribute.behavior</text><text id="targetAttribute">game.attributes.id652383</text><text id="RHS"><expression><reference keypath="self.attributes.position.x"/></expression></text></attributes></behavior><behavior id="id953415" class="ConstrainAttributeBehavior" enabled="true"><attributes><text id="name">Constrain Attribute</text><text id="bundleName">ConstrainAttribute.behavior</text><text id="targetAttribute">game.attributes.id484924</text><text id="RHS"><expression><reference keypath="self.attributes.position.y"/></expression></text></attributes></behavior><behavior enabled="true" id="id208679" class="RuleBehavior"><attributes><text id="name">Rule</text><text id="bundleName">Rule.behavior</text><real id="compoundConditionKind">0</real></attributes><conditions><condition id="id816496" pluginPredicateTypeIndex="0" eventType="overlaps or collides"><attributes><index id="conditionType">0</index></attributes><predicate type="collision"><attributes><text id="prototypeKey">id803801</text><text id="actorTag"></text><real id="mode">0</real></attributes></predicate></condition></conditions><behaviors><behavior id="id142664" class="PlaySoundAction" enabled="true"><attributes><text id="name">Play Sound</text><text id="bundleName">PlaySound.behavior</text><sound id="soundName">brick</sound><boolean id="loop">false</boolean><boolean id="runToCompletion">true</boolean><boolean id="positional">true</boolean><boolean id="dopplerShift">false</boolean><real id="volume">0.5</real><real id="pitch">1</real></attributes></behavior></behaviors><elseBehaviors/></behavior></behaviors><aspects><graphics><attributes><boolean id="visible">true</boolean><enumeration id="blendingMode">0</enumeration><enumeration id="horizontalWrap">0</enumeration><enumeration id="verticalWrap">0</enumeration><enumeration id="horizontalAnchor">0</enumeration><enumeration id="verticalAnchor">0</enumeration><boolean id="flipHorizontally">false</boolean><boolean id="flipVertically">false</boolean></attributes></graphics><motion><attributes><point id="linearVelocity"><real id="x">0</real><real id="y">0</real></point><real id="angularVelocity">0</real><real id="maxSpeed">0</real><boolean id="applyMaxSpeed">false</boolean></attributes></motion><physics><attributes><real id="density">3</real><real id="friction">3</real><real id="restitution">0</real><boolean id="fixedRotation">true</boolean><boolean id="movable">true</boolean><enumeration id="collisionShape">1</enumeration><real id="drag">0</real><real id="angularDrag">0</real></attributes></physics></aspects></actor>
