<?xml version="1.0" encoding="UTF-8"?>
<actor PGFVersion="0.17" id="id876372" GSCVersion="0.9.90"><attributes><text id="name">Speaker</text><real id="time">0</real><point id="position"><real id="x">0</real><real id="y">0</real></point><size id="size"><real id="width">90</real><real id="height">90</real></size><angle id="rotation">0</angle><color id="color"><real id="red">1</real><real id="green">1</real><real id="blue">1</real><real id="alpha">1</real></color><image id="image">speaker</image><text id="tags"></text><boolean id="preloadArt">true</boolean></attributes><behaviors><behavior enabled="true" id="id452685" class="RuleBehavior"><attributes><text id="name">Touch is pressed</text><text id="bundleName">Rule.behavior</text><real id="compoundConditionKind">0</real></attributes><conditions><condition id="id539718" pluginPredicateTypeIndex="0" eventType="touch"><attributes><index id="conditionType">0</index></attributes><predicate type="touch" conditionType="pressed"><attributes/></predicate></condition></conditions><behaviors><behavior id="id851656" class="ChangeAttributeAction" enabled="true"><attributes><text id="name">Change Attribute</text><text id="bundleName">ChangeAttribute.behavior</text><text id="targetAttribute">game.attributes.id401438</text><text id="RHS"><expression><string>(</string><reference keypath="game.attributes.id401438"/><string>+1)%2</string></expression></text></attributes></behavior></behaviors><elseBehaviors/></behavior><behavior enabled="true" id="id506488" class="RuleBehavior"><attributes><text id="name">SoundOn is equal to 0</text><text id="bundleName">Rule.behavior</text><real id="compoundConditionKind">0</real></attributes><conditions><condition id="id129063" pluginPredicateTypeIndex="0" eventType="mouse button"><attributes><index id="conditionType">1</index><text id="subjectAttribute">game.attributes.id401438</text></attributes><predicate type="number"><attributes><text id="operator">=</text><real id="RHS">0</real></attributes></predicate></condition></conditions><behaviors><behavior id="id435380" class="ChangeImageAction" enabled="true"><attributes><text id="name">Change Image</text><text id="bundleName">ChangeImage.behavior</text><image id="image">speaker off</image></attributes></behavior><behavior id="id759402" class="ChangeAttributeAction" enabled="true"><attributes><text id="name">Change Attribute</text><text id="bundleName">ChangeAttribute.behavior</text><text id="targetAttribute">game.devices.audio.soundVolume</text><text id="RHS">0</text></attributes></behavior></behaviors><elseBehaviors/></behavior><behavior enabled="true" id="id742527" class="RuleBehavior"><attributes><text id="name">SoundOn is equal to 1</text><text id="bundleName">Rule.behavior</text><real id="compoundConditionKind">0</real></attributes><conditions><condition id="id580341" pluginPredicateTypeIndex="0" eventType="mouse button"><attributes><index id="conditionType">1</index><text id="subjectAttribute">game.attributes.id401438</text></attributes><predicate type="number"><attributes><text id="operator">=</text><real id="RHS">1</real></attributes></predicate></condition></conditions><behaviors><behavior id="id403308" class="ChangeImageAction" enabled="true"><attributes><text id="name">Change Image</text><text id="bundleName">ChangeImage.behavior</text><image id="image">speaker</image></attributes></behavior><behavior id="id531274" class="ChangeAttributeAction" enabled="true"><attributes><text id="name">Change Attribute</text><text id="bundleName">ChangeAttribute.behavior</text><text id="targetAttribute">game.devices.audio.soundVolume</text><text id="RHS">1</text></attributes></behavior></behaviors><elseBehaviors/></behavior></behaviors><aspects><graphics><attributes><boolean id="visible">true</boolean><enumeration id="blendingMode">0</enumeration><enumeration id="horizontalWrap">0</enumeration><enumeration id="verticalWrap">0</enumeration><enumeration id="horizontalAnchor">0</enumeration><enumeration id="verticalAnchor">0</enumeration><boolean id="flipHorizontally">false</boolean><boolean id="flipVertically">false</boolean></attributes></graphics><motion><attributes><point id="linearVelocity"><real id="x">0</real><real id="y">0</real></point><real id="angularVelocity">0</real><real id="maxSpeed">0</real><boolean id="applyMaxSpeed">false</boolean></attributes></motion><physics><attributes><real id="density">1</real><real id="friction">3</real><real id="restitution">1</real><boolean id="fixedRotation">false</boolean><boolean id="movable">true</boolean><enumeration id="collisionShape">0</enumeration><real id="drag">0</real><real id="angularDrag">0</real></attributes></physics></aspects></actor>
