<?xml version="1.0" encoding="UTF-8"?>
<game GSCVersion="0.9.92" PGFVersion="0.17" title="The Metronome"><tags>metronome</tags><resolutionIndependence>0</resolutionIndependence><instructions>Move the weight up and down and click on / off to start the metronome.</instructions><resolution>1</resolution><longDescription>This project is to demonstrate that you can build non-game apps</longDescription><prototypes><actor id="id574388"/><actor id="id364258"/><actor id="id544281"/><actor id="id304958"/><actor id="id646985"/></prototypes><plugins><attributes id="kiip"><text id="appKey"></text><text id="appSecret"></text><text id="achievementIdentifiers"></text><text id="achievementNames"></text><text id="leaderboardIdentifiers"></text><text id="leaderboardNames"></text></attributes><attributes id="playhaven"/><attributes id="tapMe"><integer id="gameID">0</integer><text id="augmentIdentifiers"></text><text id="augmentNames"></text><text id="augmentCategoryIds"></text><integer id="activeAugmentID">0</integer></attributes></plugins><scenes><scene id="id269551"/></scenes><attributes><text id="name">default name</text><real id="time">0</real><size id="displaySize"><real id="width">320</real><real id="height">480</real></size><text id="actorTags"></text><boolean name="InMovement" id="id362785">false</boolean><real name="speed" id="id868010">1</real><real name="Rotation" id="id148761">0</real></attributes></game>
