<?xml version="1.0" encoding="UTF-8"?>
<behavior PGFVersion="0.17" GSCVersion="0.9.90" id="id806151" class="CompoundBehavior" enabled="true"><attributes><text id="name">No Movement</text><text id="bundleName">Group.behavior</text></attributes><behaviors><behavior id="id422178" class="ChangeAttributeAction" enabled="true"><attributes><text id="name">Change Attribute</text><text id="bundleName">ChangeAttribute.behavior</text><text id="targetAttribute">self.aspects.motion.attributes.linearVelocity.x</text><text id="RHS">0</text></attributes></behavior><behavior id="id260387" class="ChangeAttributeAction" enabled="true"><attributes><text id="name">Change Attribute</text><text id="bundleName">ChangeAttribute.behavior</text><text id="targetAttribute">self.aspects.motion.attributes.linearVelocity.y</text><text id="RHS">0</text></attributes></behavior><behavior id="id691199" class="ChangeAttributeAction" enabled="true"><attributes><text id="name">Change Attribute</text><text id="bundleName">ChangeAttribute.behavior</text><text id="targetAttribute">self.aspects.motion.attributes.angularVelocity</text><text id="RHS">0</text></attributes></behavior><behavior id="id284399" class="ChangeAttributeAction" enabled="true"><attributes><text id="name">Change Attribute</text><text id="bundleName">ChangeAttribute.behavior</text><text id="targetAttribute">self.attributes.rotation</text><text id="RHS">0</text></attributes></behavior></behaviors></behavior>
