<?xml version="1.0" encoding="UTF-8"?>
<game GSCVersion="0.9.90" PGFVersion="0.17" title="Canon Show Part I"><tags>Gravity, Slingshot, Angry Birds</tags><resolutionIndependence>0</resolutionIndependence><instructions>Use your finger to pullback an block with a slingshot</instructions><resolution>0</resolution><longDescription>A Angry Bird -like game done with GameSalad</longDescription><prototypes><actor id="id481881"/><actor id="id208187"/><actor id="id798373"/><actor id="id968300"/><actor id="id854669"/><actor id="id675250"/><actor id="id571617"/><actor id="id509064"/><actor id="id264049"/></prototypes><plugins><attributes id="kiip"><text id="appKey"></text><text id="appSecret"></text><text id="achievementIdentifiers"></text><text id="achievementNames"></text><text id="leaderboardIdentifiers"></text><text id="leaderboardNames"></text></attributes><attributes id="tapMe"><integer id="gameID">0</integer><text id="augmentIdentifiers"></text><text id="augmentNames"></text><text id="augmentCategoryIds"></text><integer id="activeAugmentID">0</integer></attributes></plugins><scenes><scene id="id269551"/></scenes><attributes><text id="name">default name</text><real id="time">0</real><size id="displaySize"><real id="width">480</real><real id="height">320</real></size><text id="actorTags">Collidable</text><real name="InitialProjectileX" id="id676734">0</real><real name="InitialProjectileY" id="id643602">0</real><integer name="MaxPower" id="id519018">75</integer><real name="ProjectileX" id="id286266">0</real><real name="ProjectileY" id="id859711">0</real><integer name="Attemptleft" id="id487824">4</integer><boolean name="Change Projectile" id="id736206">false</boolean></attributes></game>
