<?xml version="1.0" encoding="UTF-8"?>
<behavior PGFVersion="0.17" GSCVersion="0.9.89" id="id735559" class="CompoundBehavior" enabled="true"><attributes><text id="name">Positioning in the centre</text><text id="bundleName">Group.behavior</text></attributes><behaviors><behavior id="id238543" class="NoteBehavior" enabled="true"><attributes><text id="name">Note</text><text id="bundleName">Note.behavior</text><text id="note">In order to have a perfect positioning of the actor in the centre of the screen, we will use 2 change attribute behaviors to modify the X and Y position to 160 and 240.
160 and 240 comes from the iPhone Portrait project and thus the screen size is 320 x 480.</text></attributes></behavior><behavior id="id593400" class="ChangeAttributeAction" enabled="true"><attributes><text id="name">Change Attribute</text><text id="bundleName">ChangeAttribute.behavior</text><text id="targetAttribute">self.attributes.position.x</text><text id="RHS">160</text></attributes></behavior><behavior id="id196066" class="ChangeAttributeAction" enabled="true"><attributes><text id="name">Change Attribute</text><text id="bundleName">ChangeAttribute.behavior</text><text id="targetAttribute">self.attributes.position.y</text><text id="RHS">240</text></attributes></behavior></behaviors></behavior>
