<?xml version="1.0" encoding="UTF-8"?>
<scene id="id269551" GSCVersion="0.9.89" PGFVersion="0.17"><layers><layer id="id112326"><actors><actor id="id976844" prototype="id136279"><attributes><point id="position"><real id="x">160.316</real><real id="y">241.891</real></point></attributes><aspects/></actor><actor id="id903818" prototype="id511237"><attributes><point id="position"><real id="x">159.883</real><real id="y">236.434</real></point></attributes><aspects/></actor><actor id="id897051" prototype="id650201"><attributes><point id="position"><real id="x">159.426</real><real id="y">235.711</real></point></attributes><aspects/></actor><actor id="id483825" prototype="id537849"><attributes><point id="position"><real id="x">159.621</real><real id="y">233.059</real></point></attributes><aspects/></actor><actor id="id565175" prototype="id367911"><attributes><point id="position"><real id="x">158.551</real><real id="y">237.793</real></point></attributes><aspects/></actor></actors><attributes><text id="name">Background</text><boolean id="scrollable">true</boolean></attributes></layer></layers><attributes><text id="name">Initial Scene</text><real id="time">0</real><size id="size"><real id="width">320</real><real id="height">480</real></size><boolean id="wrapX">false</boolean><boolean id="wrapY">false</boolean><point id="gravity"><real id="x">0</real><real id="y">0</real></point><color id="color"><real id="red">0</real><real id="green">0</real><real id="blue">0</real><real id="alpha">1</real></color><rect id="camera"><point id="origin"><real id="x">0</real><real id="y">0</real></point><size id="size"><real id="width">320</real><real id="height">480</real></size><size id="trackingArea"><real id="width">240</real><real id="height">400</real></size><real id="rotation">0</real></rect><attributes id="autorotate"><boolean id="landscapeLeft">false</boolean><boolean id="portrait">true</boolean><boolean id="landscapeRight">false</boolean><boolean id="portraitUpsideDown">false</boolean></attributes></attributes></scene>
