<?xml version="1.0" encoding="UTF-8"?>
<game GSCVersion="0.9.85" PGFVersion="0.17" title="My First Pong Game"><tags>Pong</tags><resolutionIndependence>1</resolutionIndependence><instructions>Use your finger to move the racket or tilt the phone.</instructions><resolution>0</resolution><longDescription>This is a remake of the famous Pong Game of Atari.</longDescription><prototypes><actor id="id869043"/></prototypes><plugins><attributes id="kiip"><text id="appKey"></text><text id="appSecret"></text><text id="achievementIdentifiers"></text><text id="achievementNames"></text><text id="leaderboardIdentifiers"></text><text id="leaderboardNames"></text></attributes><attributes id="tapMe"><integer id="gameID">0</integer><text id="augmentIdentifiers"></text><text id="augmentNames"></text><text id="augmentCategoryIds"></text><integer id="activeAugmentID">0</integer></attributes></plugins><scenes><scene id="id269551"/></scenes><attributes><text id="name">default name</text><real id="time">0</real><size id="displaySize"><real id="width">480</real><real id="height">320</real></size><text id="actorTags"></text></attributes></game>
