<?xml version="1.0" encoding="UTF-8"?>
<scene id="id269551" GSCVersion="0.9.90" PGFVersion="0.17"><layers><layer id="id112326"><actors><actor id="id576877" prototype="id869043"><attributes><point id="position"><real id="x">49.8477</real><real id="y">194.395</real></point></attributes><aspects/><behaviors><behavior enabled="true" id="id682413" class="RuleBehavior"><attributes><text id="name">Down</text><text id="bundleName">Rule.behavior</text><real id="compoundConditionKind">0</real></attributes><conditions><condition id="id108912" pluginPredicateTypeIndex="0" eventType="key"><attributes><index id="conditionType">0</index></attributes><predicate type="key"><attributes><text id="mode">down</text><text id="keyString">down</text></attributes></predicate></condition></conditions><behaviors><behavior id="id949174" class="MoveBehavior" enabled="true"><attributes><text id="name">Move</text><text id="bundleName">Move.behavior</text><angle id="direction">270</angle><index id="space">0</index><index id="moveType">0</index><real id="speed">300</real><boolean id="haltWhenBehaviorStops">true</boolean></attributes></behavior></behaviors><elseBehaviors/></behavior><behavior enabled="true" id="id288711" class="RuleBehavior"><attributes><text id="name">Up</text><text id="bundleName">Rule.behavior</text><real id="compoundConditionKind">0</real></attributes><conditions><condition id="id436743" pluginPredicateTypeIndex="0" eventType="key"><attributes><index id="conditionType">0</index></attributes><predicate type="key"><attributes><text id="mode">down</text><text id="keyString">up</text></attributes></predicate></condition></conditions><behaviors><behavior id="id370632" class="MoveBehavior" enabled="true"><attributes><text id="name">Move</text><text id="bundleName">Move.behavior</text><angle id="direction">90</angle><index id="space">0</index><index id="moveType">0</index><real id="speed">300</real><boolean id="haltWhenBehaviorStops">true</boolean></attributes></behavior></behaviors><elseBehaviors/></behavior><behavior id="id241723" class="ConstrainAttributeBehavior" enabled="true"><attributes><text id="name">Constrain Attribute</text><text id="bundleName">ConstrainAttribute.behavior</text><text id="targetAttribute">self.attributes.position.x</text><text id="RHS">20</text></attributes></behavior><behavior enabled="true" id="id872336" class="RuleBehavior"><attributes><text id="name">Serving</text><text id="bundleName">Rule.behavior</text><real id="compoundConditionKind">0</real></attributes><conditions><condition id="id694096" pluginPredicateTypeIndex="0" eventType="key"><attributes><index id="conditionType">0</index></attributes><predicate type="key"><attributes><text id="mode">down</text><text id="keyString">space</text></attributes></predicate></condition><condition id="id668062" pluginPredicateTypeIndex="0" eventType="mouse button"><attributes><index id="conditionType">1</index><text id="subjectAttribute">game.attributes.id953908</text></attributes><predicate type="boolean"><attributes><index id="RHS">1</index></attributes></predicate></condition></conditions><behaviors><behavior id="id926124" class="SpawnAction" enabled="true"><attributes><text id="name">Spawn Actor</text><text id="bundleName">Spawn.behavior</text><text id="prototypeKey">id546302</text><angle id="direction">0</angle><index id="directionSpace">0</index><real id="x">16</real><real id="y">0</real><index id="positionSpace">0</index><index id="layerOrder">0</index></attributes></behavior></behaviors><elseBehaviors/></behavior></behaviors></actor><actor id="id125941" prototype="id321591"><attributes><point id="position"><real id="x">431.938</real><real id="y">217.168</real></point></attributes><aspects/></actor><actor id="id401772" prototype="id615874"><attributes><point id="position"><real id="x">239.789</real><real id="y">325.34</real></point><size id="size"><real id="width">480</real><real id="height">10</real></size></attributes><aspects/></actor><actor id="id309540" prototype="id615874"><attributes><point id="position"><real id="x">239.426</real><real id="y">-5.96094</real></point></attributes><aspects/></actor></actors><attributes><text id="name">Background</text><boolean id="scrollable">true</boolean></attributes></layer></layers><attributes><text id="name">Initial Scene</text><real id="time">0</real><size id="size"><real id="width">480</real><real id="height">320</real></size><boolean id="wrapX">false</boolean><boolean id="wrapY">false</boolean><point id="gravity"><real id="x">0</real><real id="y">0</real></point><color id="color"><real id="red">0</real><real id="green">0</real><real id="blue">0</real><real id="alpha">1</real></color><rect id="camera"><point id="origin"><real id="x">0</real><real id="y">0</real></point><size id="size"><real id="width">480</real><real id="height">320</real></size><size id="trackingArea"><real id="width">400</real><real id="height">260</real></size><real id="rotation">0</real></rect><attributes id="autorotate"><boolean id="landscapeLeft">true</boolean><boolean id="portrait">false</boolean><boolean id="landscapeRight">false</boolean><boolean id="portraitUpsideDown">false</boolean></attributes></attributes></scene>
