<?xml version="1.0" encoding="UTF-8"?>
<game GSCVersion="0.9.90" PGFVersion="0.17" title="Labyrinth"><resolutionIndependence>0</resolutionIndependence><instructions>Move the phone</instructions><resolution>0</resolution><longDescription>Put the ball in the hole</longDescription><prototypes><actor id="id858209"/><actor id="id986248"/><actor id="id803801"/><actor id="id531530"/><actor id="id923627"/><actor id="id457936"/><actor id="id696748"/><actor id="id878439"/></prototypes><plugins><attributes id="kiip"><text id="appKey"></text><text id="appSecret"></text><text id="achievementIdentifiers"></text><text id="achievementNames"></text><text id="leaderboardIdentifiers"></text><text id="leaderboardNames"></text></attributes><attributes id="tapMe"><integer id="gameID">0</integer><text id="augmentIdentifiers"></text><text id="augmentNames"></text><text id="augmentCategoryIds"></text><integer id="activeAugmentID">0</integer></attributes></plugins><scenes><scene id="id269551"/></scenes><attributes><text id="name">default name</text><real id="time">0</real><size id="displaySize"><real id="width">480</real><real id="height">320</real></size><text id="actorTags"></text><boolean name="OpenDoor" id="id328579">false</boolean><real name="BallX" id="id652383">0</real><real name="BallY" id="id484924">0</real></attributes></game>
