<?xml version="1.0" encoding="UTF-8"?>
<game GSCVersion="0.9.90" PGFVersion="0.17" title="Break a wall"><resolutionIndependence>0</resolutionIndependence><instructions>Add game instructions here.</instructions><resolution>4</resolution><longDescription>A tabula rasa, a blank slate on which one may create a masterpiece.</longDescription><prototypes><actor id="id696517"/><actor id="id462613"/><actor id="id945677"/><actor id="id498562"/><actor id="id176141"/><actor id="id107659"/><actor id="id918110"/><actor id="id506373"/><actor id="id944790"/><actor id="id390436"/><actor id="id282874"/><actor id="id601019"/><actor id="id721375"/><actor id="id166763"/><actor id="id971167"/><actor id="id876372"/><actor id="id178878"/></prototypes><plugins><attributes id="kiip"><text id="appKey"></text><text id="appSecret"></text><text id="achievementIdentifiers"></text><text id="achievementNames"></text><text id="leaderboardIdentifiers"></text><text id="leaderboardNames"></text></attributes><attributes id="tapMe"><integer id="gameID">0</integer><text id="augmentIdentifiers"></text><text id="augmentNames"></text><text id="augmentCategoryIds"></text><integer id="activeAugmentID">0</integer></attributes></plugins><scenes><scene id="id655553"/><scene id="id269551"/><scene id="id449743"/><scene id="id547909"/></scenes><attributes><text id="name">default name</text><real id="time">0</real><size id="displaySize"><real id="width">768</real><real id="height">1024</real></size><text id="actorTags">Collidable</text><boolean name="ActiveBall" id="id863764">false</boolean><integer name="BrickCount" id="id229547">24</integer><text name="TextToDisplay" id="id711042"></text><integer name="lives" id="id522454">3</integer><integer name="SoundOn" id="id401438">1</integer><integer name="Score" id="id698811">0</integer></attributes></game>
