<?xml version="1.0" encoding="UTF-8"?>
<scene id="id269551" GSCVersion="0.9.90" PGFVersion="0.17"><layers><layer id="id112326"><actors><actor id="id305460" prototype="id481881"><attributes><text id="name">Slingshot Component Foot</text><point id="position"><real id="x">138.945</real><real id="y">51.6602</real></point><size id="size"><real id="width">24</real><real id="height">100</real></size></attributes><aspects/></actor><actor id="id185687" prototype="id481881"><attributes><text id="name">Slingshot Component Right</text><point id="position"><real id="x">162.029</real><real id="y">138.339</real></point><size id="size"><real id="width">24</real><real id="height">100</real></size><angle id="rotation">330</angle></attributes><aspects/></actor><actor id="id834841" prototype="id481881"><attributes><text id="name">Slingshot Component Left</text><point id="position"><real id="x">114.891</real><real id="y">139.555</real></point><size id="size"><real id="width">24</real><real id="height">100</real></size><angle id="rotation">30</angle></attributes><aspects/></actor><actor id="id650077" prototype="id208187"><attributes><point id="position"><real id="x">138.344</real><real id="y">165.797</real></point></attributes><aspects/></actor><actor id="id811356" prototype="id798373"><attributes><text id="name">elastic right</text><point id="position"><real id="x">172.23</real><real id="y">149.184</real></point></attributes><aspects/><behaviors><behavior id="id265457" class="ConstrainAttributeBehavior" enabled="true"><attributes><text id="name">Constrain Attribute</text><text id="bundleName">ConstrainAttribute.behavior</text><text id="targetAttribute">self.attributes.position.x</text><text id="RHS"><expression><reference keypath="game.attributes.id286266"/><string>+(</string><reference keypath="scene.layers.id112326.actors.id185687.attributes.position.x"/><string>-</string><reference keypath="game.attributes.id286266"/><string>)/2</string></expression></text></attributes></behavior><behavior id="id609340" class="ConstrainAttributeBehavior" enabled="true"><attributes><text id="name">Constrain Attribute</text><text id="bundleName">ConstrainAttribute.behavior</text><text id="targetAttribute">self.attributes.position.y</text><text id="RHS"><expression><reference keypath="game.attributes.id859711"/><string>+(</string><reference keypath="scene.layers.id112326.actors.id185687.attributes.position.y"/><string>-</string><reference keypath="game.attributes.id859711"/><string>)/2</string></expression></text></attributes></behavior><behavior id="id432513" class="ConstrainAttributeBehavior" enabled="true"><attributes><text id="name">Constrain Attribute</text><text id="bundleName">ConstrainAttribute.behavior</text><text id="targetAttribute">self.attributes.size.width</text><text id="RHS"><expression><string>magnitude(</string><reference keypath="scene.layers.id112326.actors.id185687.attributes.position.x"/><string>-</string><reference keypath="game.attributes.id286266"/><string>,</string><reference keypath="scene.layers.id112326.actors.id185687.attributes.position.y"/><string>-</string><reference keypath="game.attributes.id859711"/><string>)</string></expression></text></attributes></behavior><behavior id="id591651" class="ConstrainAttributeBehavior" enabled="true"><attributes><text id="name">Constrain Attribute</text><text id="bundleName">ConstrainAttribute.behavior</text><text id="targetAttribute">self.attributes.rotation</text><text id="RHS"><expression><string>vectorToAngle(</string><reference keypath="game.attributes.id286266"/><string>-</string><reference keypath="scene.layers.id112326.actors.id185687.attributes.position.x"/><string>,</string><reference keypath="game.attributes.id859711"/><string>-</string><reference keypath="scene.layers.id112326.actors.id185687.attributes.position.y"/><string>)</string></expression></text></attributes></behavior></behaviors></actor><actor id="id286932" prototype="id798373"><attributes><text id="name">elastic left</text><point id="position"><real id="x">108.914</real><real id="y">143.824</real></point></attributes><aspects/><behaviors><behavior id="id491322" class="ConstrainAttributeBehavior" enabled="true"><attributes><text id="name">Constrain Attribute</text><text id="bundleName">ConstrainAttribute.behavior</text><text id="targetAttribute">self.attributes.position.x</text><text id="RHS"><expression><reference keypath="game.attributes.id286266"/><string>+(</string><reference keypath="scene.layers.id112326.actors.id834841.attributes.position.x"/><string>-</string><reference keypath="game.attributes.id286266"/><string>)/2</string></expression></text></attributes></behavior><behavior id="id113623" class="ConstrainAttributeBehavior" enabled="true"><attributes><text id="name">Constrain Attribute</text><text id="bundleName">ConstrainAttribute.behavior</text><text id="targetAttribute">self.attributes.position.y</text><text id="RHS"><expression><reference keypath="game.attributes.id859711"/><string>+(</string><reference keypath="scene.layers.id112326.actors.id834841.attributes.position.y"/><string>-</string><reference keypath="game.attributes.id859711"/><string>)/2</string></expression></text></attributes></behavior><behavior id="id964723" class="ConstrainAttributeBehavior" enabled="true"><attributes><text id="name">Constrain Attribute</text><text id="bundleName">ConstrainAttribute.behavior</text><text id="targetAttribute">self.attributes.size.width</text><text id="RHS"><expression><string>magnitude(</string><reference keypath="scene.layers.id112326.actors.id834841.attributes.position.x"/><string>-</string><reference keypath="game.attributes.id286266"/><string>,</string><reference keypath="scene.layers.id112326.actors.id834841.attributes.position.y"/><string>-</string><reference keypath="game.attributes.id859711"/><string>)</string></expression></text></attributes></behavior><behavior id="id252841" class="ConstrainAttributeBehavior" enabled="true"><attributes><text id="name">Constrain Attribute</text><text id="bundleName">ConstrainAttribute.behavior</text><text id="targetAttribute">self.attributes.rotation</text><text id="RHS"><expression><string>vectorToAngle(</string><reference keypath="game.attributes.id286266"/><string>-</string><reference keypath="scene.layers.id112326.actors.id834841.attributes.position.x"/><string>,</string><reference keypath="game.attributes.id859711"/><string>-</string><reference keypath="scene.layers.id112326.actors.id834841.attributes.position.y"/><string>)</string></expression></text></attributes></behavior></behaviors></actor></actors><attributes><text id="name">Background</text><boolean id="scrollable">true</boolean></attributes></layer></layers><attributes><text id="name">Initial Scene</text><real id="time">0</real><size id="size"><real id="width">1920</real><real id="height">1280</real></size><boolean id="wrapX">false</boolean><boolean id="wrapY">false</boolean><point id="gravity"><real id="x">0</real><real id="y">0</real></point><color id="color"><real id="red">0</real><real id="green">0</real><real id="blue">0</real><real id="alpha">1</real></color><rect id="camera"><point id="origin"><real id="x">0</real><real id="y">0</real></point><size id="size"><real id="width">480</real><real id="height">320</real></size><size id="trackingArea"><real id="width">400</real><real id="height">260</real></size><real id="rotation">0</real></rect><attributes id="autorotate"><boolean id="landscapeLeft">true</boolean><boolean id="portrait">false</boolean><boolean id="landscapeRight">false</boolean><boolean id="portraitUpsideDown">false</boolean></attributes></attributes></scene>
