<?xml version="1.0" encoding="UTF-8"?>
<actor PGFVersion="0.17" id="id178752" GSCVersion="0.9.90"><attributes><text id="name">100 pt cap</text><real id="time">0</real><point id="position"><real id="x">0</real><real id="y">0</real></point><size id="size"><real id="width">81</real><real id="height">54</real></size><angle id="rotation">0</angle><color id="color"><real id="red">1</real><real id="green">1</real><real id="blue">1</real><real id="alpha">1</real></color><image id="image">100 pt</image><text id="tags"></text><boolean id="preloadArt">true</boolean></attributes><behaviors><behavior id="id868411" class="ChangeVelocityAction" enabled="true"><attributes><text id="name">Change Velocity</text><text id="bundleName">ChangeVelocity.behavior</text><angle id="direction">270</angle><index id="space">1</index><real id="speed">150</real></attributes></behavior><behavior enabled="true" id="id610557" class="RuleBehavior"><attributes><text id="name">Rule</text><text id="bundleName">Rule.behavior</text><real id="compoundConditionKind">0</real></attributes><conditions><condition id="id494985" pluginPredicateTypeIndex="0" eventType="overlaps or collides"><attributes><index id="conditionType">0</index></attributes><predicate type="collision"><attributes><text id="prototypeKey">id945677</text><text id="actorTag">Collidable</text><real id="mode">0</real></attributes></predicate></condition></conditions><behaviors><behavior id="id437382" class="ChangeAttributeAction" enabled="true"><attributes><text id="name">Change Attribute</text><text id="bundleName">ChangeAttribute.behavior</text><text id="targetAttribute">game.attributes.id698811</text><text id="RHS"><expression><reference keypath="game.attributes.id698811"/><string>+100</string></expression></text></attributes></behavior><behavior id="id832002" class="DestroyAction" enabled="true"><attributes><text id="name">Destroy</text><text id="bundleName">Destroy.behavior</text></attributes></behavior></behaviors><elseBehaviors/></behavior></behaviors><aspects><graphics><attributes><boolean id="visible">true</boolean><enumeration id="blendingMode">0</enumeration><enumeration id="horizontalWrap">0</enumeration><enumeration id="verticalWrap">0</enumeration><enumeration id="horizontalAnchor">0</enumeration><enumeration id="verticalAnchor">0</enumeration><boolean id="flipHorizontally">false</boolean><boolean id="flipVertically">false</boolean></attributes></graphics><motion><attributes><point id="linearVelocity"><real id="x">0</real><real id="y">0</real></point><real id="angularVelocity">0</real><real id="maxSpeed">0</real><boolean id="applyMaxSpeed">false</boolean></attributes></motion><physics><attributes><real id="density">1</real><real id="friction">3</real><real id="restitution">1</real><boolean id="fixedRotation">false</boolean><boolean id="movable">true</boolean><enumeration id="collisionShape">0</enumeration><real id="drag">0</real><real id="angularDrag">0</real></attributes></physics></aspects></actor>
