<?xml version="1.0" encoding="UTF-8"?>
<actor PGFVersion="0.17" id="id571617" GSCVersion="0.9.90"><attributes><text id="name">Target</text><real id="time">0</real><point id="position"><real id="x">0</real><real id="y">0</real></point><size id="size"><real id="width">50</real><real id="height">50</real></size><angle id="rotation">0</angle><color id="color"><real id="red">0.8</real><real id="green">0.2</real><real id="blue">1</real><real id="alpha">1</real></color><image id="image"></image><text id="tags">Collidable</text><boolean id="preloadArt">true</boolean></attributes><behaviors><behavior id="id695795" class="CollideBehavior" enabled="true"><attributes><text id="name">Collide</text><text id="bundleName">Collide.behavior</text><text id="prototypeKey">id481881</text><text id="actorTag">Collidable</text><index id="mode">1</index></attributes></behavior><behavior id="id184489" class="AccelerateBehavior" enabled="true"><attributes><text id="name">Accelerate</text><text id="bundleName">Accelerate.behavior</text><angle id="direction">270</angle><index id="space">1</index><real id="acceleration">200</real></attributes></behavior><behavior enabled="true" id="id302558" class="RuleBehavior"><attributes><text id="name">Target Destruction</text><text id="bundleName">Rule.behavior</text><real id="compoundConditionKind">0</real></attributes><conditions><condition id="id695400" pluginPredicateTypeIndex="0" eventType="overlaps or collides"><attributes><index id="conditionType">0</index></attributes><predicate type="collision"><attributes><text id="prototypeKey">id208187</text><text id="actorTag">Collidable</text><real id="mode">0</real></attributes></predicate></condition></conditions><behaviors><behavior id="id879542" class="ParticlesBehavior" enabled="true"><attributes><text id="name">Particles</text><text id="bundleName">Particles.behavior</text><index id="numParticles"><expression><string>200</string></expression></index><real id="size">20</real><real id="lifetime"><expression><string>1</string></expression></real><real id="startupTime"><expression><string>1</string></expression></real><angle id="direction"><expression><string>random(0,359)</string></expression></angle><real id="speed">100</real><image id="image">star</image><angle id="rotation"><expression><string>random(0,359)</string></expression></angle><real id="angularVelocity">50</real><index id="directionRelativity">0</index><real id="emitterOffsetX">0</real><real id="emitterOffsetY">0</real><boolean id="colorChange">true</boolean><boolean id="sizeChange">true</boolean><real id="colorTransitionTime">1</real><real id="sizeTarget">0</real><real id="sizeTransitionTime"><expression><string>1</string></expression></real><color id="color"><real id="red">0</real><real id="green">0.0345667</real><real id="blue">1</real><real id="alpha">0.5</real></color><color id="colorTarget"><real id="red">0.913676</real><real id="green">1</real><real id="blue">0</real><real id="alpha">0.5</real></color><boolean id="affectedByGravity">false</boolean><enumeration id="blendingMode">0</enumeration></attributes></behavior><behavior id="id517749" class="ParticlesBehavior" enabled="true"><attributes><text id="name">Particles</text><text id="bundleName">Particles.behavior</text><index id="numParticles"><expression><string>200</string></expression></index><real id="size">20</real><real id="lifetime"><expression><string>1</string></expression></real><real id="startupTime"><expression><string>1</string></expression></real><angle id="direction"><expression><string>random(0,359)</string></expression></angle><real id="speed">100</real><image id="image">star</image><angle id="rotation"><expression><string>random(0,359)</string></expression></angle><real id="angularVelocity">50</real><index id="directionRelativity">0</index><real id="emitterOffsetX">0</real><real id="emitterOffsetY">0</real><boolean id="colorChange">true</boolean><boolean id="sizeChange">true</boolean><real id="colorTransitionTime">1</real><real id="sizeTarget">0</real><real id="sizeTransitionTime"><expression><string>1</string></expression></real><color id="color"><real id="red">0</real><real id="green">1</real><real id="blue">0.272914</real><real id="alpha">0.5</real></color><color id="colorTarget"><real id="red">0.913676</real><real id="green">1</real><real id="blue">0</real><real id="alpha">0.5</real></color><boolean id="affectedByGravity">false</boolean><enumeration id="blendingMode">0</enumeration></attributes></behavior><behavior id="id697327" class="ParticlesBehavior" enabled="true"><attributes><text id="name">Particles</text><text id="bundleName">Particles.behavior</text><index id="numParticles"><expression><string>200</string></expression></index><real id="size">20</real><real id="lifetime"><expression><string>1</string></expression></real><real id="startupTime"><expression><string>1</string></expression></real><angle id="direction"><expression><string>random(0,359)</string></expression></angle><real id="speed">100</real><image id="image">star</image><angle id="rotation"><expression><string>random(0,359)</string></expression></angle><real id="angularVelocity">50</real><index id="directionRelativity">0</index><real id="emitterOffsetX">0</real><real id="emitterOffsetY">0</real><boolean id="colorChange">true</boolean><boolean id="sizeChange">true</boolean><real id="colorTransitionTime">1</real><real id="sizeTarget">0</real><real id="sizeTransitionTime"><expression><string>1</string></expression></real><color id="color"><real id="red">1</real><real id="green">0</real><real id="blue">0.108051</real><real id="alpha">0.5</real></color><color id="colorTarget"><real id="red">0.986347</real><real id="green">1</real><real id="blue">0</real><real id="alpha">0.5</real></color><boolean id="affectedByGravity">false</boolean><enumeration id="blendingMode">2</enumeration></attributes></behavior><behavior id="id902378" class="ParticlesBehavior" enabled="true"><attributes><text id="name">Particles</text><text id="bundleName">Particles.behavior</text><index id="numParticles"><expression><string>200</string></expression></index><real id="size">20</real><real id="lifetime"><expression><string>1</string></expression></real><real id="startupTime"><expression><string>1</string></expression></real><angle id="direction"><expression><string>random(0,359)</string></expression></angle><real id="speed">100</real><image id="image">star</image><angle id="rotation"><expression><string>random(0,359)</string></expression></angle><real id="angularVelocity">50</real><index id="directionRelativity">0</index><real id="emitterOffsetX">0</real><real id="emitterOffsetY">0</real><boolean id="colorChange">true</boolean><boolean id="sizeChange">true</boolean><real id="colorTransitionTime">1</real><real id="sizeTarget">0</real><real id="sizeTransitionTime"><expression><string>1</string></expression></real><color id="color"><real id="red">0.260844</real><real id="green">1</real><real id="blue">0</real><real id="alpha">0.5</real></color><color id="colorTarget"><real id="red">0.943182</real><real id="green">1</real><real id="blue">0.965085</real><real id="alpha">0.5</real></color><boolean id="affectedByGravity">false</boolean><enumeration id="blendingMode">2</enumeration></attributes></behavior></behaviors><elseBehaviors/></behavior></behaviors><aspects><graphics><attributes><boolean id="visible">true</boolean><enumeration id="blendingMode">0</enumeration><enumeration id="horizontalWrap">0</enumeration><enumeration id="verticalWrap">0</enumeration><enumeration id="horizontalAnchor">0</enumeration><enumeration id="verticalAnchor">0</enumeration><boolean id="flipHorizontally">false</boolean><boolean id="flipVertically">false</boolean></attributes></graphics><motion><attributes><point id="linearVelocity"><real id="x">0</real><real id="y">0</real></point><real id="angularVelocity">0</real><real id="maxSpeed">0</real><boolean id="applyMaxSpeed">false</boolean></attributes></motion><physics><attributes><real id="density">1</real><real id="friction">3</real><real id="restitution">0</real><boolean id="fixedRotation">false</boolean><boolean id="movable">true</boolean><enumeration id="collisionShape">0</enumeration><real id="drag">0</real><real id="angularDrag">0</real></attributes></physics></aspects></actor>
