<?xml version="1.0" encoding="UTF-8"?>
<scene id="id269551" GSCVersion="0.9.90" PGFVersion="0.17"><layers><layer id="id112326"><actors><actor id="id767393" prototype="id986248"><attributes><point id="position"><real id="x">240.789</real><real id="y">159.742</real></point><size id="size"><real id="width">480</real><real id="height">320</real></size></attributes><aspects/></actor><actor id="id581671" prototype="id803801"><attributes><point id="position"><real id="x">-6.54688</real><real id="y">159.449</real></point><size id="size"><real id="width">24</real><real id="height">320.828</real></size></attributes><aspects/></actor><actor id="id491785" prototype="id803801"><attributes><point id="position"><real id="x">242.514</real><real id="y">330.379</real></point><size id="size"><real id="width">523.246</real><real id="height">24</real></size></attributes><aspects/></actor><actor id="id394559" prototype="id803801"><attributes><point id="position"><real id="x">489.145</real><real id="y">159.645</real></point><size id="size"><real id="width">24</real><real id="height">322.055</real></size></attributes><aspects/></actor><actor id="id871823" prototype="id803801"><attributes><point id="position"><real id="x">241.232</real><real id="y">-10.3984</real></point><size id="size"><real id="width">520.23</real><real id="height">24</real></size></attributes><aspects/></actor><actor id="id418384" prototype="id803801"><attributes><point id="position"><real id="x">68.0664</real><real id="y">196.258</real></point><size id="size"><real id="width">24</real><real id="height">259.625</real></size></attributes><aspects/></actor><actor id="id622665" prototype="id803801"><attributes><point id="position"><real id="x">107.008</real><real id="y">75.3398</real></point><size id="size"><real id="width">100</real><real id="height">24</real></size></attributes><aspects/></actor><actor id="id103754" prototype="id803801"><attributes><point id="position"><real id="x">241.227</real><real id="y">86.5332</real></point><size id="size"><real id="width">24</real><real id="height">180.363</real></size></attributes><aspects/></actor><actor id="id790306" prototype="id803801"><attributes><point id="position"><real id="x">203.008</real><real id="y">165.242</real></point><size id="size"><real id="width">100</real><real id="height">24</real></size></attributes><aspects/></actor><actor id="id102013" prototype="id803801"><attributes><point id="position"><real id="x">163.758</real><real id="y">208.168</real></point><size id="size"><real id="width">24</real><real id="height">100</real></size></attributes><aspects/></actor><actor id="id355712" prototype="id803801"><attributes><point id="position"><real id="x">237.66</real><real id="y">287.711</real></point><size id="size"><real id="width">24</real><real id="height">100</real></size></attributes><aspects/></actor><actor id="id944346" prototype="id803801"><attributes><point id="position"><real id="x">277.422</real><real id="y">247.836</real></point><size id="size"><real id="width">100</real><real id="height">24</real></size></attributes><aspects/></actor><actor id="id669773" prototype="id803801"><attributes><point id="position"><real id="x">314.73</real><real id="y">163.633</real></point><size id="size"><real id="width">24</real><real id="height">192.219</real></size></attributes><aspects/></actor><actor id="id505884" prototype="id803801"><attributes><point id="position"><real id="x">439.812</real><real id="y">114.031</real></point><size id="size"><real id="width">100</real><real id="height">24</real></size></attributes><aspects/></actor><actor id="id157164" prototype="id803801"><attributes><point id="position"><real id="x">401.773</real><real id="y">78.5</real></point><size id="size"><real id="width">24.2031</real><real id="height">97.1562</real></size></attributes><aspects/></actor><actor id="id192734" prototype="id858209"><attributes><point id="position"><real id="x">29.3125</real><real id="y">293.695</real></point></attributes><aspects/></actor><actor id="id697499" prototype="id457936"><attributes><point id="position"><real id="x">281.562</real><real id="y">291.543</real></point></attributes><aspects/></actor><actor id="id991543" prototype="id531530"><attributes><point id="position"><real id="x">320.242</real><real id="y">284.445</real></point></attributes><aspects/></actor><actor id="id784185" prototype="id923627"><attributes><point id="position"><real id="x">446.867</real><real id="y">70.8516</real></point></attributes><aspects/></actor><actor id="id810304" prototype="id878439"><attributes><point id="position"><real id="x">29.9023</real><real id="y">292.762</real></point><size id="size"><real id="width">1000</real><real id="height">700</real></size></attributes><aspects/></actor></actors><attributes><text id="name">Background</text><boolean id="scrollable">true</boolean></attributes></layer></layers><attributes><text id="name">Initial Scene</text><real id="time">0</real><size id="size"><real id="width">480</real><real id="height">320</real></size><boolean id="wrapX">false</boolean><boolean id="wrapY">false</boolean><point id="gravity"><real id="x">0</real><real id="y">0</real></point><color id="color"><real id="red">0</real><real id="green">0</real><real id="blue">0</real><real id="alpha">1</real></color><rect id="camera"><point id="origin"><real id="x">0</real><real id="y">0</real></point><size id="size"><real id="width">480</real><real id="height">320</real></size><size id="trackingArea"><real id="width">400</real><real id="height">260</real></size><real id="rotation">0</real></rect><attributes id="autorotate"><boolean id="landscapeLeft">true</boolean><boolean id="portrait">false</boolean><boolean id="landscapeRight">false</boolean><boolean id="portraitUpsideDown">false</boolean></attributes></attributes></scene>
