<?xml version="1.0" encoding="UTF-8"?>
<scene id="id269551" GSCVersion="0.9.90" PGFVersion="0.17"><layers><layer id="id112326"><actors><actor id="id250800" prototype="id688735"><attributes><point id="position"><real id="x">240.332</real><real id="y">160.307</real></point></attributes><aspects/></actor><actor id="id745134" prototype="id234161"><attributes><point id="position"><real id="x">240.352</real><real id="y">310.43</real></point><size id="size"><real id="width">481.953</real><real id="height">24</real></size></attributes><aspects/></actor><actor id="id327754" prototype="id234161"><attributes><point id="position"><real id="x">13.2031</real><real id="y">164.006</real></point><size id="size"><real id="width">24</real><real id="height">280.16</real></size></attributes><aspects/></actor><actor id="id222569" prototype="id234161"><attributes><point id="position"><real id="x">240.355</real><real id="y">12.1562</real></point><size id="size"><real id="width">481.828</real><real id="height">24</real></size></attributes><aspects/></actor><actor id="id317051" prototype="id234161"><attributes><point id="position"><real id="x">469.352</real><real id="y">160.939</real></point><size id="size"><real id="width">24</real><real id="height">293.191</real></size></attributes><aspects/></actor><actor id="id362273" prototype="id234161"><attributes><point id="position"><real id="x">93.8008</real><real id="y">194.969</real></point><size id="size"><real id="width">24</real><real id="height">212.508</real></size></attributes><aspects/></actor><actor id="id936293" prototype="id234161"><attributes><point id="position"><real id="x">131.562</real><real id="y">85.6758</real></point><size id="size"><real id="width">100</real><real id="height">24</real></size></attributes><aspects/></actor><actor id="id729743" prototype="id234161"><attributes><point id="position"><real id="x">241.219</real><real id="y">83.5957</real></point><size id="size"><real id="width">24</real><real id="height">148.293</real></size></attributes><aspects/></actor><actor id="id533225" prototype="id234161"><attributes><point id="position"><real id="x">202.727</real><real id="y">155.367</real></point><size id="size"><real id="width">100</real><real id="height">24</real></size></attributes><aspects/></actor><actor id="id986308" prototype="id234161"><attributes><point id="position"><real id="x">164.645</real><real id="y">205.074</real></point><size id="size"><real id="width">24</real><real id="height">100</real></size></attributes><aspects/></actor><actor id="id894484" prototype="id234161"><attributes><point id="position"><real id="x">241.102</real><real id="y">255.828</real></point><size id="size"><real id="width">24</real><real id="height">100</real></size></attributes><aspects/></actor><actor id="id527462" prototype="id234161"><attributes><point id="position"><real id="x">291.545</real><real id="y">218.031</real></point><size id="size"><real id="width">80.1992</real><real id="height">24</real></size></attributes><aspects/></actor><actor id="id534187" prototype="id234161"><attributes><point id="position"><real id="x">340.227</real><real id="y">154.127</real></point><size id="size"><real id="width">24</real><real id="height">152.121</real></size></attributes><aspects/></actor><actor id="id999320" prototype="id726853"><attributes><point id="position"><real id="x">341.426</real><real id="y">265.555</real></point><size id="size"><real id="width">5</real><real id="height">72.8438</real></size></attributes><aspects/></actor><actor id="id433097" prototype="id234161"><attributes><point id="position"><real id="x">437.125</real><real id="y">118.961</real></point><size id="size"><real id="width">56.6016</real><real id="height">24</real></size></attributes><aspects/></actor><actor id="id801831" prototype="id234161"><attributes><point id="position"><real id="x">406.602</real><real id="y">92.5059</real></point><size id="size"><real id="width">24</real><real id="height">76.1055</real></size></attributes><aspects/></actor><actor id="id975492" prototype="id972261"><attributes><point id="position"><real id="x">296.023</real><real id="y">266.781</real></point></attributes><aspects/></actor><actor id="id637124" prototype="id616588"><attributes><point id="position"><real id="x">52.9531</real><real id="y">264.977</real></point></attributes><aspects/></actor><actor id="id371110" prototype="id136193"><attributes><point id="position"><real id="x">210.383</real><real id="y">201.113</real></point></attributes><aspects/></actor><actor id="id560167" prototype="id938853"><attributes><point id="position"><real id="x">45.3164</real><real id="y">42.1836</real></point></attributes><aspects/></actor></actors><attributes><text id="name">Background</text><boolean id="scrollable">true</boolean></attributes></layer></layers><attributes><text id="name">Initial Scene</text><real id="time">0</real><size id="size"><real id="width">480</real><real id="height">320</real></size><boolean id="wrapX">false</boolean><boolean id="wrapY">false</boolean><point id="gravity"><real id="x">0</real><real id="y">0</real></point><color id="color"><real id="red">0</real><real id="green">0</real><real id="blue">0</real><real id="alpha">1</real></color><rect id="camera"><point id="origin"><real id="x">0</real><real id="y">0</real></point><size id="size"><real id="width">480</real><real id="height">320</real></size><size id="trackingArea"><real id="width">400</real><real id="height">260</real></size><real id="rotation">0</real></rect><attributes id="autorotate"><boolean id="landscapeLeft">true</boolean><boolean id="portrait">false</boolean><boolean id="landscapeRight">false</boolean><boolean id="portraitUpsideDown">false</boolean></attributes></attributes></scene>
