<?xml version="1.0" encoding="UTF-8"?>
<scene id="id714897" GSCVersion="0.9.90" PGFVersion="0.17"><layers><layer id="id772459"><actors><actor id="id801372" prototype="id580896"><attributes><point id="position"><real id="x">56.8398</real><real id="y">262.961</real></point></attributes><aspects/><behaviors><behavior enabled="true" id="id652577" class="RuleBehavior"><attributes><text id="name">Rule</text><text id="bundleName">Rule.behavior</text><real id="compoundConditionKind">0</real></attributes><conditions><condition id="id421710" pluginPredicateTypeIndex="0" eventType="mouse button"><attributes><index id="conditionType">0</index></attributes><predicate mouseState="down" type="mouse"><attributes/></predicate></condition></conditions><behaviors><behavior id="id209519" class="ChangeAttributeAction" enabled="true"><attributes><text id="name">Change Attribute</text><text id="bundleName">ChangeAttribute.behavior</text><text id="targetAttribute">self.attributes.position.x</text><text id="RHS"><expression><reference keypath="game.devices.mouse.position.x"/></expression></text></attributes></behavior><behavior id="id629985" class="ConstrainAttributeBehavior" enabled="true"><attributes><text id="name">Constrain Attribute</text><text id="bundleName">ConstrainAttribute.behavior</text><text id="targetAttribute">self.aspects.motion.attributes.linearVelocity.x</text><text id="RHS"><expression><string>10*(</string><reference keypath="game.devices.mouse.position.x"/><string>-</string><reference keypath="self.attributes.position.x"/><string>)</string></expression></text></attributes></behavior></behaviors><elseBehaviors><behavior id="id487152" class="ConstrainAttributeBehavior" enabled="true"><attributes><text id="name">Constrain Attribute</text><text id="bundleName">ConstrainAttribute.behavior</text><text id="targetAttribute">self.aspects.motion.attributes.linearVelocity.x</text><text id="RHS"><expression><reference keypath="self.aspects.motion.attributes.linearVelocity.x"/><string>*0.95</string></expression></text></attributes></behavior></elseBehaviors></behavior></behaviors></actor></actors><attributes><text id="name">Layer 1</text><boolean id="scrollable">false</boolean></attributes></layer><layer id="id618656"><actors><actor id="id552223" prototype="id205059"><attributes><point id="position"><real id="x">238.645</real><real id="y">163.574</real></point></attributes><aspects/></actor><actor id="id158283" prototype="id205059"><attributes><point id="position"><real id="x">767.617</real><real id="y">168.211</real></point><integer name="Level" id="id223389">2</integer></attributes><aspects/></actor><actor id="id447519" prototype="id205059"><attributes><point id="position"><real id="x">1227.2</real><real id="y">169.699</real></point><integer name="Level" id="id223389">3</integer></attributes><aspects/></actor><actor id="id659209" prototype="id615089"><attributes><point id="position"><real id="x">240.043</real><real id="y">160.379</real></point><size id="size"><real id="width">24</real><real id="height">24</real></size></attributes><aspects/><behaviors><behavior id="id251166" class="ControlCameraBehavior" enabled="true"><attributes><text id="name">Control Camera</text><text id="bundleName">ControlCamera.behavior</text></attributes></behavior><behavior id="id225431" class="ConstrainAttributeBehavior" enabled="true"><attributes><text id="name">Constrain Attribute</text><text id="bundleName">ConstrainAttribute.behavior</text><text id="targetAttribute">self.aspects.motion.attributes.linearVelocity.x</text><text id="RHS"><expression><string>-</string><reference keypath="scene.layers.id772459.actors.id801372.aspects.motion.attributes.linearVelocity.x"/></expression></text></attributes></behavior><behavior id="id690174" class="ConstrainAttributeBehavior" enabled="true"><attributes><text id="name">Constrain Attribute</text><text id="bundleName">ConstrainAttribute.behavior</text><text id="targetAttribute">self.attributes.position.x</text><text id="RHS"><expression><string>max(240,</string><reference keypath="self.attributes.position.x"/><string>)</string></expression></text></attributes></behavior><behavior id="id170008" class="ConstrainAttributeBehavior" enabled="true"><attributes><text id="name">Constrain Attribute</text><text id="bundleName">ConstrainAttribute.behavior</text><text id="targetAttribute">self.attributes.position.x</text><text id="RHS"><expression><string>min(1200,</string><reference keypath="self.attributes.position.x"/><string>)</string></expression></text></attributes></behavior></behaviors></actor></actors><attributes><text id="name">Background</text><boolean id="scrollable">true</boolean></attributes></layer></layers><attributes><text id="name">Menu</text><real id="time">0</real><size id="size"><real id="width">1440</real><real id="height">320</real></size><boolean id="wrapX">false</boolean><boolean id="wrapY">false</boolean><point id="gravity"><real id="x">0</real><real id="y">0</real></point><color id="color"><real id="red">0</real><real id="green">0</real><real id="blue">0</real><real id="alpha">1</real></color><rect id="camera"><point id="origin"><real id="x">0</real><real id="y">0</real></point><size id="size"><real id="width">480</real><real id="height">320</real></size><size id="trackingArea"><real id="width">20.9062</real><real id="height">7.39844</real></size><real id="rotation">0</real></rect><attributes id="autorotate"><boolean id="landscapeLeft">true</boolean><boolean id="portrait">false</boolean><boolean id="landscapeRight">false</boolean><boolean id="portraitUpsideDown">false</boolean></attributes></attributes></scene>
