<?xml version="1.0" encoding="UTF-8"?>
<scene id="id269551" GSCVersion="0.9.90" PGFVersion="0.17"><layers><layer id="id112326"><actors><actor id="id237707" prototype="id968300"><attributes><point id="position"><real id="x">960.23</real><real id="y">643.898</real></point><size id="size"><real id="width">1921.77</real><real id="height">1283.98</real></size></attributes><aspects/></actor><actor id="id305460" prototype="id481881"><attributes><text id="name">Slingshot Component Foot</text><point id="position"><real id="x">138.945</real><real id="y">51.6602</real></point><size id="size"><real id="width">24</real><real id="height">100</real></size></attributes><aspects/></actor><actor id="id185687" prototype="id481881"><attributes><text id="name">Slingshot Component Right</text><point id="position"><real id="x">162.029</real><real id="y">138.339</real></point><size id="size"><real id="width">24</real><real id="height">100</real></size><angle id="rotation">330</angle></attributes><aspects/></actor><actor id="id834841" prototype="id481881"><attributes><text id="name">Slingshot Component Left</text><point id="position"><real id="x">114.891</real><real id="y">139.555</real></point><size id="size"><real id="width">24</real><real id="height">100</real></size><angle id="rotation">30</angle></attributes><aspects/></actor><actor id="id650077" prototype="id208187"><attributes><point id="position"><real id="x">138.344</real><real id="y">165.797</real></point></attributes><aspects/><behaviors><behavior id="id840976" class="CollideBehavior" enabled="true"><attributes><text id="name">Collide</text><text id="bundleName">Collide.behavior</text><text id="prototypeKey">id854669</text><text id="actorTag"></text><index id="mode">0</index></attributes></behavior><behavior id="id517195" class="ChangeAttributeAction" enabled="true"><attributes><text id="name">Change Attribute</text><text id="bundleName">ChangeAttribute.behavior</text><text id="targetAttribute">self.attributes.id668325</text><text id="RHS">false</text></attributes></behavior><behavior id="id399133" class="ChangeAttributeAction" enabled="true"><attributes><text id="name">Change Attribute</text><text id="bundleName">ChangeAttribute.behavior</text><text id="targetAttribute">game.attributes.id676734</text><text id="RHS"><expression><reference keypath="self.attributes.position.x"/></expression></text></attributes></behavior><behavior id="id413756" class="ChangeAttributeAction" enabled="true"><attributes><text id="name">Change Attribute</text><text id="bundleName">ChangeAttribute.behavior</text><text id="targetAttribute">game.attributes.id643602</text><text id="RHS"><expression><reference keypath="self.attributes.position.y"/></expression></text></attributes></behavior><behavior enabled="true" id="id589693" class="RuleBehavior"><attributes><text id="name">Touch</text><text id="bundleName">Rule.behavior</text><real id="compoundConditionKind">0</real></attributes><conditions><condition id="id284324" pluginPredicateTypeIndex="0" eventType="touch"><attributes><index id="conditionType">0</index></attributes><predicate type="touch" conditionType="pressed"><attributes/></predicate></condition></conditions><behaviors><behavior id="id896729" class="ConstrainAttributeBehavior" enabled="true"><attributes><text id="name">Constrain Attribute</text><text id="bundleName">ConstrainAttribute.behavior</text><text id="targetAttribute">game.attributes.id286266</text><text id="RHS"><expression><reference keypath="self.attributes.position.x"/></expression></text></attributes></behavior><behavior id="id538135" class="ConstrainAttributeBehavior" enabled="true"><attributes><text id="name">Constrain Attribute</text><text id="bundleName">ConstrainAttribute.behavior</text><text id="targetAttribute">game.attributes.id859711</text><text id="RHS"><expression><reference keypath="self.attributes.position.y"/></expression></text></attributes></behavior><behavior id="id318717" class="ChangeAttributeAction" enabled="true"><attributes><text id="name">Change Attribute</text><text id="bundleName">ChangeAttribute.behavior</text><text id="targetAttribute">self.attributes.id668325</text><text id="RHS">true</text></attributes></behavior><behavior id="id549464" class="ConstrainAttributeBehavior" enabled="true"><attributes><text id="name">Constrain Attribute</text><text id="bundleName">ConstrainAttribute.behavior</text><text id="targetAttribute">self.attributes.position.x</text><text id="RHS"><expression><reference keypath="game.attributes.id676734"/><string>+min(</string><reference keypath="game.attributes.id519018"/><string>,magnitude(</string><reference keypath="game.devices.mouse.position.x"/><string>-</string><reference keypath="game.attributes.id676734"/><string>,</string><reference keypath="game.devices.mouse.position.y"/><string>-</string><reference keypath="game.attributes.id643602"/><string>))*cos(vectorToAngle(</string><reference keypath="game.devices.mouse.position.x"/><string>-</string><reference keypath="game.attributes.id676734"/><string>,</string><reference keypath="game.devices.mouse.position.y"/><string>-</string><reference keypath="game.attributes.id643602"/><string>))</string></expression></text></attributes></behavior><behavior id="id378798" class="ConstrainAttributeBehavior" enabled="true"><attributes><text id="name">Constrain Attribute</text><text id="bundleName">ConstrainAttribute.behavior</text><text id="targetAttribute">self.attributes.position.y</text><text id="RHS"><expression><reference keypath="game.attributes.id643602"/><string>+min(</string><reference keypath="game.attributes.id519018"/><string>,magnitude(</string><reference keypath="game.devices.mouse.position.x"/><string>-</string><reference keypath="game.attributes.id676734"/><string>,</string><reference keypath="game.devices.mouse.position.y"/><string>-</string><reference keypath="game.attributes.id643602"/><string>))*sin(vectorToAngle(</string><reference keypath="game.devices.mouse.position.x"/><string>-</string><reference keypath="game.attributes.id676734"/><string>,</string><reference keypath="game.devices.mouse.position.y"/><string>-</string><reference keypath="game.attributes.id643602"/><string>))</string></expression></text></attributes></behavior></behaviors><elseBehaviors><behavior id="id785679" class="ChangeAttributeAction" enabled="true"><attributes><text id="name">Change Attribute</text><text id="bundleName">ChangeAttribute.behavior</text><text id="targetAttribute">game.attributes.id286266</text><text id="RHS"><expression><reference keypath="game.attributes.id676734"/></expression></text></attributes></behavior><behavior id="id111158" class="ChangeAttributeAction" enabled="true"><attributes><text id="name">Change Attribute</text><text id="bundleName">ChangeAttribute.behavior</text><text id="targetAttribute">game.attributes.id859711</text><text id="RHS"><expression><reference keypath="game.attributes.id643602"/></expression></text></attributes></behavior><behavior enabled="true" id="id715017" class="RuleBehavior"><attributes><text id="name">Throwing</text><text id="bundleName">Rule.behavior</text><real id="compoundConditionKind">0</real></attributes><conditions><condition id="id140987" pluginPredicateTypeIndex="0" eventType="mouse button"><attributes><index id="conditionType">1</index><text id="subjectAttribute">self.attributes.id668325</text></attributes><predicate type="boolean"><attributes><index id="RHS">1</index></attributes></predicate></condition></conditions><behaviors><behavior id="id283313" class="ChangeVelocityAction" enabled="true"><attributes><text id="name">Change Velocity</text><text id="bundleName">ChangeVelocity.behavior</text><angle id="direction"><expression><string>180+vectorToAngle(</string><reference keypath="self.attributes.position.x"/><string>-</string><reference keypath="game.attributes.id676734"/><string>,</string><reference keypath="self.attributes.position.y"/><string>-</string><reference keypath="game.attributes.id643602"/><string>)</string></expression></angle><index id="space">1</index><real id="speed"><expression><string>10*magnitude(</string><reference keypath="self.attributes.position.x"/><string>-</string><reference keypath="game.attributes.id676734"/><string>,</string><reference keypath="self.attributes.position.y"/><string>-</string><reference keypath="game.attributes.id643602"/><string>)</string></expression></real></attributes></behavior><behavior id="id914631" class="AccelerateBehavior" enabled="true"><attributes><text id="name">Accelerate</text><text id="bundleName">Accelerate.behavior</text><angle id="direction">270</angle><index id="space">1</index><real id="acceleration">200</real></attributes></behavior><behavior id="id943393" class="ChangeAttributeAction" enabled="true"><attributes><text id="name">Change Attribute</text><text id="bundleName">ChangeAttribute.behavior</text><text id="targetAttribute">self.aspects.physics.attributes.drag</text><text id="RHS">100</text></attributes></behavior><behavior id="id976198" class="InterpolateBehavior" enabled="true"><attributes><text id="name">Interpolate</text><text id="bundleName">Interpolate.behavior</text><boolean id="runToCompletion">true</boolean><text id="targetAttribute">scene.attributes.camera.size.width</text><real id="finalValue">920</real><real id="duration">2</real><index id="easing">0</index></attributes></behavior><behavior id="id221601" class="InterpolateBehavior" enabled="true"><attributes><text id="name">Interpolate</text><text id="bundleName">Interpolate.behavior</text><boolean id="runToCompletion">true</boolean><text id="targetAttribute">scene.attributes.camera.size.height</text><real id="finalValue">640</real><real id="duration"><expression><string>2</string></expression></real><index id="easing">0</index></attributes></behavior><behavior id="id151163" class="TimerBehavior" enabled="true"><attributes><text id="name">Timer</text><text id="bundleName">Timer.behavior</text><index id="timerType">1</index><real id="interval"><expression><string>2</string></expression></real><boolean id="runToCompletion">false</boolean></attributes><behaviors><behavior id="id379145" class="InterpolateBehavior" enabled="true"><attributes><text id="name">Interpolate</text><text id="bundleName">Interpolate.behavior</text><boolean id="runToCompletion">true</boolean><text id="targetAttribute">scene.attributes.camera.size.width</text><real id="finalValue">460</real><real id="duration">2</real><index id="easing">0</index></attributes></behavior><behavior id="id301426" class="InterpolateBehavior" enabled="true"><attributes><text id="name">Interpolate</text><text id="bundleName">Interpolate.behavior</text><boolean id="runToCompletion">true</boolean><text id="targetAttribute">scene.attributes.camera.size.height</text><real id="finalValue">320</real><real id="duration"><expression><string>2</string></expression></real><index id="easing">0</index></attributes></behavior></behaviors></behavior><behavior enabled="true" id="id278065" class="RuleBehavior"><attributes><text id="name">Change Projectile</text><text id="bundleName">Rule.behavior</text><real id="compoundConditionKind">0</real></attributes><conditions><condition id="id184164" pluginPredicateTypeIndex="0" eventType="mouse button"><attributes><index id="conditionType">1</index><text id="subjectAttribute">self.aspects.motion.attributes.linearVelocity.x</text></attributes><predicate type="number"><attributes><text id="operator">=</text><real id="RHS">0</real></attributes></predicate></condition><condition id="id285380" pluginPredicateTypeIndex="0" eventType="mouse button"><attributes><index id="conditionType">1</index><text id="subjectAttribute">self.aspects.motion.attributes.linearVelocity.y</text></attributes><predicate type="number"><attributes><text id="operator">=</text><real id="RHS">0</real></attributes></predicate></condition></conditions><behaviors><behavior id="id228123" class="ChangeAttributeAction" enabled="true"><attributes><text id="name">Change Attribute</text><text id="bundleName">ChangeAttribute.behavior</text><text id="targetAttribute">self.attributes.color.alpha</text><text id="RHS">0</text></attributes></behavior><behavior id="id277622" class="ChangeAttributeAction" enabled="true"><attributes><text id="name">Change Attribute</text><text id="bundleName">ChangeAttribute.behavior</text><text id="targetAttribute">game.attributes.id736206</text><text id="RHS">true</text></attributes></behavior><behavior id="id690099" class="ChangeAttributeAction" enabled="true"><attributes><text id="name">Change Attribute</text><text id="bundleName">ChangeAttribute.behavior</text><text id="targetAttribute">game.attributes.id487824</text><text id="RHS"><expression><reference keypath="game.attributes.id487824"/><string>-1</string></expression></text></attributes></behavior></behaviors><elseBehaviors/></behavior></behaviors><elseBehaviors/></behavior></elseBehaviors></behavior><behavior enabled="true" id="id160118" class="RuleBehavior"><attributes><text id="name">Back to Position</text><text id="bundleName">Rule.behavior</text><real id="compoundConditionKind">0</real></attributes><conditions><condition id="id825491" pluginPredicateTypeIndex="0" eventType="mouse button"><attributes><index id="conditionType">1</index><text id="subjectAttribute">game.attributes.id736206</text></attributes><predicate type="boolean"><attributes><index id="RHS">1</index></attributes></predicate></condition></conditions><behaviors><behavior id="id117055" class="TimerBehavior" enabled="true"><attributes><text id="name">Timer</text><text id="bundleName">Timer.behavior</text><index id="timerType">1</index><real id="interval">0.2</real><boolean id="runToCompletion">true</boolean></attributes><behaviors><behavior enabled="true" id="id351706" class="RuleBehavior"><attributes><text id="name">Rule</text><text id="bundleName">Rule.behavior</text><real id="compoundConditionKind">0</real></attributes><conditions><condition id="id338417" pluginPredicateTypeIndex="0" eventType="mouse button"><attributes><index id="conditionType">1</index><text id="subjectAttribute">game.attributes.id503451</text></attributes><predicate type="boolean"><attributes><index id="RHS">1</index></attributes></predicate></condition></conditions><behaviors><behavior id="id907217" class="ChangeAttributeAction" enabled="true"><attributes><text id="name">Change Attribute</text><text id="bundleName">ChangeAttribute.behavior</text><text id="targetAttribute">game.attributes.id487824</text><text id="RHS">4</text></attributes></behavior></behaviors><elseBehaviors/></behavior><behavior id="id808553" class="ChangeAttributeAction" enabled="true"><attributes><text id="name">Change Attribute</text><text id="bundleName">ChangeAttribute.behavior</text><text id="targetAttribute">self.attributes.position.x</text><text id="RHS"><expression><reference keypath="game.attributes.id676734"/></expression></text></attributes></behavior><behavior id="id918048" class="ChangeAttributeAction" enabled="true"><attributes><text id="name">Change Attribute</text><text id="bundleName">ChangeAttribute.behavior</text><text id="targetAttribute">self.attributes.position.y</text><text id="RHS"><expression><reference keypath="game.attributes.id643602"/></expression></text></attributes></behavior></behaviors></behavior><behavior id="id865942" class="ChangeAttributeAction" enabled="true"><attributes><text id="name">Change Attribute</text><text id="bundleName">ChangeAttribute.behavior</text><text id="targetAttribute">self.attributes.id668325</text><text id="RHS">false</text></attributes></behavior><behavior enabled="true" id="id806634" class="RuleBehavior"><attributes><text id="name">Attributes reset</text><text id="bundleName">Rule.behavior</text><real id="compoundConditionKind">0</real></attributes><conditions><condition id="id230761" pluginPredicateTypeIndex="0" eventType="mouse button"><attributes><index id="conditionType">1</index><text id="subjectAttribute">self.attributes.position.x</text></attributes><predicate type="number"><attributes><text id="operator">=</text><real id="RHS"><expression><reference keypath="game.attributes.id676734"/></expression></real></attributes></predicate></condition><condition id="id352388" pluginPredicateTypeIndex="0" eventType="mouse button"><attributes><index id="conditionType">1</index><text id="subjectAttribute">self.attributes.position.y</text></attributes><predicate type="number"><attributes><text id="operator">=</text><real id="RHS"><expression><reference keypath="game.attributes.id643602"/></expression></real></attributes></predicate></condition></conditions><behaviors><behavior id="id494270" class="ChangeAttributeAction" enabled="true"><attributes><text id="name">Change Attribute</text><text id="bundleName">ChangeAttribute.behavior</text><text id="targetAttribute">self.attributes.color.alpha</text><text id="RHS">1</text></attributes></behavior><behavior id="id315519" class="ChangeAttributeAction" enabled="true"><attributes><text id="name">Change Attribute</text><text id="bundleName">ChangeAttribute.behavior</text><text id="targetAttribute">game.attributes.id736206</text><text id="RHS">false</text></attributes></behavior><behavior id="id846811" class="ChangeAttributeAction" enabled="true"><attributes><text id="name">Change Attribute</text><text id="bundleName">ChangeAttribute.behavior</text><text id="targetAttribute">game.attributes.id503451</text><text id="RHS">false</text></attributes></behavior></behaviors><elseBehaviors/></behavior></behaviors><elseBehaviors/></behavior><behavior id="id615806" class="ControlCameraBehavior" enabled="true"><attributes><text id="name">Control Camera</text><text id="bundleName">ControlCamera.behavior</text></attributes></behavior><behavior enabled="true" id="id464335" class="RuleBehavior"><attributes><text id="name">Rule</text><text id="bundleName">Rule.behavior</text><real id="compoundConditionKind">0</real></attributes><conditions><condition id="id432992" pluginPredicateTypeIndex="0" eventType="mouse button"><attributes><index id="conditionType">1</index><text id="subjectAttribute">game.attributes.id487824</text></attributes><predicate type="number"><attributes><text id="operator">=</text><real id="RHS">0</real></attributes></predicate></condition></conditions><behaviors><behavior id="id286925" class="ResetGameAction" enabled="true"><attributes><text id="name">Reset Game</text><text id="bundleName">ResetGame.behavior</text></attributes></behavior></behaviors><elseBehaviors/></behavior></behaviors></actor><actor id="id811356" prototype="id798373"><attributes><text id="name">elastic right</text><point id="position"><real id="x">172.23</real><real id="y">149.184</real></point></attributes><aspects/><behaviors><behavior id="id265457" class="ConstrainAttributeBehavior" enabled="true"><attributes><text id="name">Constrain Attribute</text><text id="bundleName">ConstrainAttribute.behavior</text><text id="targetAttribute">self.attributes.position.x</text><text id="RHS"><expression><reference keypath="game.attributes.id286266"/><string>+(</string><reference keypath="scene.layers.id112326.actors.id185687.attributes.position.x"/><string>-</string><reference keypath="game.attributes.id286266"/><string>)/2</string></expression></text></attributes></behavior><behavior id="id609340" class="ConstrainAttributeBehavior" enabled="true"><attributes><text id="name">Constrain Attribute</text><text id="bundleName">ConstrainAttribute.behavior</text><text id="targetAttribute">self.attributes.position.y</text><text id="RHS"><expression><reference keypath="game.attributes.id859711"/><string>+(</string><reference keypath="scene.layers.id112326.actors.id185687.attributes.position.y"/><string>-</string><reference keypath="game.attributes.id859711"/><string>)/2</string></expression></text></attributes></behavior><behavior id="id432513" class="ConstrainAttributeBehavior" enabled="true"><attributes><text id="name">Constrain Attribute</text><text id="bundleName">ConstrainAttribute.behavior</text><text id="targetAttribute">self.attributes.size.width</text><text id="RHS"><expression><string>magnitude(</string><reference keypath="scene.layers.id112326.actors.id185687.attributes.position.x"/><string>-</string><reference keypath="game.attributes.id286266"/><string>,</string><reference keypath="scene.layers.id112326.actors.id185687.attributes.position.y"/><string>-</string><reference keypath="game.attributes.id859711"/><string>)</string></expression></text></attributes></behavior><behavior id="id591651" class="ConstrainAttributeBehavior" enabled="true"><attributes><text id="name">Constrain Attribute</text><text id="bundleName">ConstrainAttribute.behavior</text><text id="targetAttribute">self.attributes.rotation</text><text id="RHS"><expression><string>vectorToAngle(</string><reference keypath="game.attributes.id286266"/><string>-</string><reference keypath="scene.layers.id112326.actors.id185687.attributes.position.x"/><string>,</string><reference keypath="game.attributes.id859711"/><string>-</string><reference keypath="scene.layers.id112326.actors.id185687.attributes.position.y"/><string>)</string></expression></text></attributes></behavior></behaviors></actor><actor id="id286932" prototype="id798373"><attributes><text id="name">elastic left</text><point id="position"><real id="x">108.914</real><real id="y">143.824</real></point></attributes><aspects/><behaviors><behavior id="id491322" class="ConstrainAttributeBehavior" enabled="true"><attributes><text id="name">Constrain Attribute</text><text id="bundleName">ConstrainAttribute.behavior</text><text id="targetAttribute">self.attributes.position.x</text><text id="RHS"><expression><reference keypath="game.attributes.id286266"/><string>+(</string><reference keypath="scene.layers.id112326.actors.id834841.attributes.position.x"/><string>-</string><reference keypath="game.attributes.id286266"/><string>)/2</string></expression></text></attributes></behavior><behavior id="id113623" class="ConstrainAttributeBehavior" enabled="true"><attributes><text id="name">Constrain Attribute</text><text id="bundleName">ConstrainAttribute.behavior</text><text id="targetAttribute">self.attributes.position.y</text><text id="RHS"><expression><reference keypath="game.attributes.id859711"/><string>+(</string><reference keypath="scene.layers.id112326.actors.id834841.attributes.position.y"/><string>-</string><reference keypath="game.attributes.id859711"/><string>)/2</string></expression></text></attributes></behavior><behavior id="id964723" class="ConstrainAttributeBehavior" enabled="true"><attributes><text id="name">Constrain Attribute</text><text id="bundleName">ConstrainAttribute.behavior</text><text id="targetAttribute">self.attributes.size.width</text><text id="RHS"><expression><string>magnitude(</string><reference keypath="scene.layers.id112326.actors.id834841.attributes.position.x"/><string>-</string><reference keypath="game.attributes.id286266"/><string>,</string><reference keypath="scene.layers.id112326.actors.id834841.attributes.position.y"/><string>-</string><reference keypath="game.attributes.id859711"/><string>)</string></expression></text></attributes></behavior><behavior id="id252841" class="ConstrainAttributeBehavior" enabled="true"><attributes><text id="name">Constrain Attribute</text><text id="bundleName">ConstrainAttribute.behavior</text><text id="targetAttribute">self.attributes.rotation</text><text id="RHS"><expression><string>vectorToAngle(</string><reference keypath="game.attributes.id286266"/><string>-</string><reference keypath="scene.layers.id112326.actors.id834841.attributes.position.x"/><string>,</string><reference keypath="game.attributes.id859711"/><string>-</string><reference keypath="scene.layers.id112326.actors.id834841.attributes.position.y"/><string>)</string></expression></text></attributes></behavior></behaviors></actor><actor id="id180096" prototype="id854669"><attributes><point id="position"><real id="x">959.68</real><real id="y">-12.3672</real></point><size id="size"><real id="width">1972.09</real><real id="height">24</real></size></attributes><aspects/></actor><actor id="id718783" prototype="id854669"><attributes><point id="position"><real id="x">-13.2383</real><real id="y">657.408</real></point><size id="size"><real id="width">24</real><real id="height">1315.78</real></size></attributes><aspects/></actor><actor id="id778138" prototype="id854669"><attributes><point id="position"><real id="x">979.898</real><real id="y">1293.62</real></point><size id="size"><real id="width">1964.55</real><real id="height">24</real></size></attributes><aspects/></actor><actor id="id893428" prototype="id854669"><attributes><point id="position"><real id="x">1935.17</real><real id="y">637.801</real></point><size id="size"><real id="width">24</real><real id="height">1290.15</real></size></attributes><aspects/></actor><actor id="id974898" prototype="id675250"><attributes><point id="position"><real id="x">31.8945</real><real id="y">36.3359</real></point></attributes><aspects/><behaviors><behavior enabled="true" id="id404520" class="RuleBehavior"><attributes><text id="name">Rule</text><text id="bundleName">Rule.behavior</text><real id="compoundConditionKind">0</real></attributes><conditions><condition id="id625510" pluginPredicateTypeIndex="0" eventType="mouse button"><attributes><index id="conditionType">1</index><text id="subjectAttribute">game.attributes.id487824</text></attributes><predicate type="number"><attributes><text id="operator">&lt;</text><real id="RHS">2</real></attributes></predicate></condition></conditions><behaviors><behavior id="id407160" class="ChangeAttributeAction" enabled="true"><attributes><text id="name">Change Attribute</text><text id="bundleName">ChangeAttribute.behavior</text><text id="targetAttribute">self.attributes.color.alpha</text><text id="RHS">0</text></attributes></behavior></behaviors><elseBehaviors><behavior id="id144035" class="ChangeAttributeAction" enabled="true"><attributes><text id="name">Change Attribute</text><text id="bundleName">ChangeAttribute.behavior</text><text id="targetAttribute">self.attributes.color.alpha</text><text id="RHS">1</text></attributes></behavior></elseBehaviors></behavior></behaviors></actor><actor id="id291548" prototype="id675250"><attributes><point id="position"><real id="x">69.2031</real><real id="y">37.3906</real></point></attributes><aspects/><behaviors><behavior enabled="true" id="id404520" class="RuleBehavior"><attributes><text id="name">Rule</text><text id="bundleName">Rule.behavior</text><real id="compoundConditionKind">0</real></attributes><conditions><condition id="id625510" pluginPredicateTypeIndex="0" eventType="mouse button"><attributes><index id="conditionType">1</index><text id="subjectAttribute">game.attributes.id487824</text></attributes><predicate type="number"><attributes><text id="operator">&lt;</text><real id="RHS">3</real></attributes></predicate></condition></conditions><behaviors><behavior id="id407160" class="ChangeAttributeAction" enabled="true"><attributes><text id="name">Change Attribute</text><text id="bundleName">ChangeAttribute.behavior</text><text id="targetAttribute">self.attributes.color.alpha</text><text id="RHS">0</text></attributes></behavior></behaviors><elseBehaviors><behavior id="id306665" class="ChangeAttributeAction" enabled="true"><attributes><text id="name">Change Attribute</text><text id="bundleName">ChangeAttribute.behavior</text><text id="targetAttribute">self.attributes.color.alpha</text><text id="RHS">1</text></attributes></behavior></elseBehaviors></behavior></behaviors></actor><actor id="id249628" prototype="id675250"><attributes><point id="position"><real id="x">106.672</real><real id="y">37.8359</real></point></attributes><aspects/><behaviors><behavior enabled="true" id="id404520" class="RuleBehavior"><attributes><text id="name">Rule</text><text id="bundleName">Rule.behavior</text><real id="compoundConditionKind">0</real></attributes><conditions><condition id="id625510" pluginPredicateTypeIndex="0" eventType="mouse button"><attributes><index id="conditionType">1</index><text id="subjectAttribute">game.attributes.id487824</text></attributes><predicate type="number"><attributes><text id="operator">&lt;</text><real id="RHS">4</real></attributes></predicate></condition></conditions><behaviors><behavior id="id407160" class="ChangeAttributeAction" enabled="true"><attributes><text id="name">Change Attribute</text><text id="bundleName">ChangeAttribute.behavior</text><text id="targetAttribute">self.attributes.color.alpha</text><text id="RHS">0</text></attributes></behavior></behaviors><elseBehaviors><behavior id="id247644" class="ChangeAttributeAction" enabled="true"><attributes><text name="Name" id="name">Change Attribute</text><text name="Bundle Name" id="bundleName">ChangeAttribute.behavior</text><text name="Target Attribute" id="targetAttribute">self.attributes.color.alpha</text><text name="RHS" id="RHS">1</text></attributes></behavior></elseBehaviors></behavior></behaviors></actor><actor id="id989592" prototype="id264049"><attributes><text id="name">Hard Block1</text><point id="position"><real id="x">1757.19</real><real id="y">79.3223</real></point><size id="size"><real id="width">24</real><real id="height">155.395</real></size></attributes><aspects/><behaviors><behavior id="id323756" class="ChangeAttributeAction" enabled="true"><attributes><text id="name">Change Attribute</text><text id="bundleName">ChangeAttribute.behavior</text><text id="targetAttribute">self.attributes.position.x</text><text id="RHS"><expression><string>tableCellValue(</string><reference keypath="game.attributes.id548030"/><string>,</string><reference keypath="game.attributes.id394741"/><string>,1)</string></expression></text></attributes></behavior><behavior id="id759008" class="ChangeAttributeAction" enabled="true"><attributes><text id="name">Change Attribute</text><text id="bundleName">ChangeAttribute.behavior</text><text id="targetAttribute">self.attributes.position.y</text><text id="RHS"><expression><string>tableCellValue(</string><reference keypath="game.attributes.id548030"/><string>,</string><reference keypath="game.attributes.id394741"/><string>,2)</string></expression></text></attributes></behavior><behavior id="id809812" class="CollideBehavior" enabled="true"><attributes><text id="name">Collide</text><text id="bundleName">Collide.behavior</text><text id="prototypeKey">id481881</text><text id="actorTag">Collidable</text><index id="mode">1</index></attributes></behavior><behavior id="id946250" class="AccelerateBehavior" enabled="true"><attributes><text id="name">Accelerate</text><text id="bundleName">Accelerate.behavior</text><angle id="direction">270</angle><index id="space">1</index><real id="acceleration">200</real></attributes></behavior><behavior enabled="true" id="id352646" class="RuleBehavior"><attributes><text id="name">Collision Increment</text><text id="bundleName">Rule.behavior</text><real id="compoundConditionKind">0</real></attributes><conditions><condition id="id548587" pluginPredicateTypeIndex="0" eventType="overlaps or collides"><attributes><index id="conditionType">0</index></attributes><predicate type="collision"><attributes><text id="prototypeKey">id208187</text><text id="actorTag">Collidable</text><real id="mode">0</real></attributes></predicate></condition></conditions><behaviors><behavior id="id828946" class="ChangeAttributeAction" enabled="true"><attributes><text id="name">Change Attribute</text><text id="bundleName">ChangeAttribute.behavior</text><text id="targetAttribute">self.attributes.id822752</text><text id="RHS"><expression><reference keypath="self.attributes.id822752"/><string>+1</string></expression></text></attributes></behavior></behaviors><elseBehaviors/></behavior><behavior enabled="true" id="id631559" class="RuleBehavior"><attributes><text id="name">Block Destruction</text><text id="bundleName">Rule.behavior</text><real id="compoundConditionKind">0</real></attributes><conditions><condition id="id522119" pluginPredicateTypeIndex="0" eventType="mouse button"><attributes><index id="conditionType">1</index><text id="subjectAttribute">self.attributes.id822752</text></attributes><predicate type="number"><attributes><text id="operator">&gt;=</text><real id="RHS">3</real></attributes></predicate></condition></conditions><behaviors><behavior id="id418474" class="ChangeAttributeAction" enabled="true"><attributes><text id="name">Change Attribute</text><text id="bundleName">ChangeAttribute.behavior</text><text id="targetAttribute">self.attributes.position.x</text><text id="RHS">640</text></attributes></behavior><behavior id="id534844" class="ChangeAttributeAction" enabled="true"><attributes><text id="name">Change Attribute</text><text id="bundleName">ChangeAttribute.behavior</text><text id="targetAttribute">self.attributes.position.y</text><text id="RHS">1500</text></attributes></behavior></behaviors><elseBehaviors/></behavior><behavior enabled="true" id="id510095" class="RuleBehavior"><attributes><text id="name">Level Up</text><text id="bundleName">Rule.behavior</text><real id="compoundConditionKind">0</real></attributes><conditions><condition id="id278004" pluginPredicateTypeIndex="0" eventType="mouse button"><attributes><index id="conditionType">1</index><text id="subjectAttribute">game.attributes.id503451</text></attributes><predicate type="boolean"><attributes><index id="RHS">1</index></attributes></predicate></condition><condition id="id656261" pluginPredicateTypeIndex="0" eventType="mouse button"><attributes><index id="conditionType">1</index><text id="subjectAttribute">game.attributes.id736206</text></attributes><predicate type="boolean"><attributes><index id="RHS">1</index></attributes></predicate></condition></conditions><behaviors><behavior id="id625951" class="TimerBehavior" enabled="true"><attributes><text id="name">Timer</text><text id="bundleName">Timer.behavior</text><index id="timerType">1</index><real id="interval">1</real><boolean id="runToCompletion">true</boolean></attributes><behaviors><behavior id="id370547" class="CompoundBehavior" enabled="true"><attributes><text id="name">No Movement</text><text id="bundleName">Group.behavior</text></attributes><behaviors><behavior id="id422178" class="ChangeAttributeAction" enabled="true"><attributes><text id="name">Change Attribute</text><text id="bundleName">ChangeAttribute.behavior</text><text id="targetAttribute">self.aspects.motion.attributes.linearVelocity.x</text><text id="RHS">0</text></attributes></behavior><behavior id="id260387" class="ChangeAttributeAction" enabled="true"><attributes><text id="name">Change Attribute</text><text id="bundleName">ChangeAttribute.behavior</text><text id="targetAttribute">self.aspects.motion.attributes.linearVelocity.y</text><text id="RHS">0</text></attributes></behavior><behavior id="id691199" class="ChangeAttributeAction" enabled="true"><attributes><text id="name">Change Attribute</text><text id="bundleName">ChangeAttribute.behavior</text><text id="targetAttribute">self.aspects.motion.attributes.angularVelocity</text><text id="RHS">0</text></attributes></behavior><behavior id="id284399" class="ChangeAttributeAction" enabled="true"><attributes><text id="name">Change Attribute</text><text id="bundleName">ChangeAttribute.behavior</text><text id="targetAttribute">self.attributes.rotation</text><text id="RHS">0</text></attributes></behavior></behaviors></behavior><behavior id="id784899" class="ChangeAttributeAction" enabled="true"><attributes><text id="name">Change Attribute</text><text id="bundleName">ChangeAttribute.behavior</text><text id="targetAttribute">self.attributes.position.x</text><text id="RHS"><expression><string>tableCellValue(</string><reference keypath="game.attributes.id548030"/><string>,</string><reference keypath="game.attributes.id394741"/><string>,1)</string></expression></text></attributes></behavior><behavior id="id539397" class="ChangeAttributeAction" enabled="true"><attributes><text id="name">Change Attribute</text><text id="bundleName">ChangeAttribute.behavior</text><text id="targetAttribute">self.attributes.position.y</text><text id="RHS"><expression><string>tableCellValue(</string><reference keypath="game.attributes.id548030"/><string>,</string><reference keypath="game.attributes.id394741"/><string>,2)</string></expression></text></attributes></behavior><behavior id="id698602" class="ChangeAttributeAction" enabled="true"><attributes><text id="name">Change Attribute</text><text id="bundleName">ChangeAttribute.behavior</text><text id="targetAttribute">self.attributes.id822752</text><text id="RHS">0</text></attributes></behavior></behaviors></behavior></behaviors><elseBehaviors/></behavior></behaviors></actor><actor id="id824861" prototype="id264049"><attributes><text id="name">Hard Block2</text><point id="position"><real id="x">1663.1</real><real id="y">79.5117</real></point><size id="size"><real id="width">24</real><real id="height">156.383</real></size></attributes><aspects/><behaviors><behavior id="id538778" class="ChangeAttributeAction" enabled="true"><attributes><text id="name">Change Attribute</text><text id="bundleName">ChangeAttribute.behavior</text><text id="targetAttribute">self.attributes.position.x</text><text id="RHS"><expression><string>tableCellValue(</string><reference keypath="game.attributes.id383015"/><string>,</string><reference keypath="game.attributes.id394741"/><string>,1)</string></expression></text></attributes></behavior><behavior id="id398662" class="ChangeAttributeAction" enabled="true"><attributes><text id="name">Change Attribute</text><text id="bundleName">ChangeAttribute.behavior</text><text id="targetAttribute">self.attributes.position.y</text><text id="RHS"><expression><string>tableCellValue(</string><reference keypath="game.attributes.id383015"/><string>,</string><reference keypath="game.attributes.id394741"/><string>,2)</string></expression></text></attributes></behavior><behavior id="id809812" class="CollideBehavior" enabled="true"><attributes><text id="name">Collide</text><text id="bundleName">Collide.behavior</text><text id="prototypeKey">id481881</text><text id="actorTag">Collidable</text><index id="mode">1</index></attributes></behavior><behavior id="id946250" class="AccelerateBehavior" enabled="true"><attributes><text id="name">Accelerate</text><text id="bundleName">Accelerate.behavior</text><angle id="direction">270</angle><index id="space">1</index><real id="acceleration">200</real></attributes></behavior><behavior enabled="true" id="id352646" class="RuleBehavior"><attributes><text id="name">Collision Increment</text><text id="bundleName">Rule.behavior</text><real id="compoundConditionKind">0</real></attributes><conditions><condition id="id548587" pluginPredicateTypeIndex="0" eventType="overlaps or collides"><attributes><index id="conditionType">0</index></attributes><predicate type="collision"><attributes><text id="prototypeKey">id208187</text><text id="actorTag">Collidable</text><real id="mode">0</real></attributes></predicate></condition></conditions><behaviors><behavior id="id828946" class="ChangeAttributeAction" enabled="true"><attributes><text id="name">Change Attribute</text><text id="bundleName">ChangeAttribute.behavior</text><text id="targetAttribute">self.attributes.id822752</text><text id="RHS"><expression><reference keypath="self.attributes.id822752"/><string>+1</string></expression></text></attributes></behavior></behaviors><elseBehaviors/></behavior><behavior enabled="true" id="id631559" class="RuleBehavior"><attributes><text id="name">Block Restruction</text><text id="bundleName">Rule.behavior</text><real id="compoundConditionKind">0</real></attributes><conditions><condition id="id522119" pluginPredicateTypeIndex="0" eventType="mouse button"><attributes><index id="conditionType">1</index><text id="subjectAttribute">self.attributes.id822752</text></attributes><predicate type="number"><attributes><text id="operator">&gt;=</text><real id="RHS">3</real></attributes></predicate></condition></conditions><behaviors><behavior id="id919916" class="ChangeAttributeAction" enabled="true"><attributes><text id="name">Change Attribute</text><text id="bundleName">ChangeAttribute.behavior</text><text id="targetAttribute">self.attributes.position.x</text><text id="RHS">40</text></attributes></behavior><behavior id="id728579" class="ChangeAttributeAction" enabled="true"><attributes><text id="name">Change Attribute</text><text id="bundleName">ChangeAttribute.behavior</text><text id="targetAttribute">self.attributes.position.y</text><text id="RHS">1500</text></attributes></behavior></behaviors><elseBehaviors/></behavior><behavior enabled="true" id="id758614" class="RuleBehavior"><attributes><text id="name">Level Up</text><text id="bundleName">Rule.behavior</text><real id="compoundConditionKind">0</real></attributes><conditions><condition id="id278004" pluginPredicateTypeIndex="0" eventType="mouse button"><attributes><index id="conditionType">1</index><text id="subjectAttribute">game.attributes.id503451</text></attributes><predicate type="boolean"><attributes><index id="RHS">1</index></attributes></predicate></condition><condition id="id656261" pluginPredicateTypeIndex="0" eventType="mouse button"><attributes><index id="conditionType">1</index><text id="subjectAttribute">game.attributes.id736206</text></attributes><predicate type="boolean"><attributes><index id="RHS">1</index></attributes></predicate></condition></conditions><behaviors><behavior id="id625951" class="TimerBehavior" enabled="true"><attributes><text id="name">Timer</text><text id="bundleName">Timer.behavior</text><index id="timerType">1</index><real id="interval">1</real><boolean id="runToCompletion">true</boolean></attributes><behaviors><behavior id="id370547" class="CompoundBehavior" enabled="true"><attributes><text id="name">No Movement</text><text id="bundleName">Group.behavior</text></attributes><behaviors><behavior id="id422178" class="ChangeAttributeAction" enabled="true"><attributes><text id="name">Change Attribute</text><text id="bundleName">ChangeAttribute.behavior</text><text id="targetAttribute">self.aspects.motion.attributes.linearVelocity.x</text><text id="RHS">0</text></attributes></behavior><behavior id="id260387" class="ChangeAttributeAction" enabled="true"><attributes><text id="name">Change Attribute</text><text id="bundleName">ChangeAttribute.behavior</text><text id="targetAttribute">self.aspects.motion.attributes.linearVelocity.y</text><text id="RHS">0</text></attributes></behavior><behavior id="id691199" class="ChangeAttributeAction" enabled="true"><attributes><text id="name">Change Attribute</text><text id="bundleName">ChangeAttribute.behavior</text><text id="targetAttribute">self.aspects.motion.attributes.angularVelocity</text><text id="RHS">0</text></attributes></behavior><behavior id="id284399" class="ChangeAttributeAction" enabled="true"><attributes><text id="name">Change Attribute</text><text id="bundleName">ChangeAttribute.behavior</text><text id="targetAttribute">self.attributes.rotation</text><text id="RHS">0</text></attributes></behavior></behaviors></behavior><behavior id="id784899" class="ChangeAttributeAction" enabled="true"><attributes><text id="name">Change Attribute</text><text id="bundleName">ChangeAttribute.behavior</text><text id="targetAttribute">self.attributes.position.x</text><text id="RHS"><expression><string>tableCellValue(</string><reference keypath="game.attributes.id383015"/><string>,</string><reference keypath="game.attributes.id394741"/><string>,1)</string></expression></text></attributes></behavior><behavior id="id539397" class="ChangeAttributeAction" enabled="true"><attributes><text id="name">Change Attribute</text><text id="bundleName">ChangeAttribute.behavior</text><text id="targetAttribute">self.attributes.position.y</text><text id="RHS"><expression><string>tableCellValue(</string><reference keypath="game.attributes.id383015"/><string>,</string><reference keypath="game.attributes.id394741"/><string>,2)</string></expression></text></attributes></behavior><behavior id="id460488" class="ChangeAttributeAction" enabled="true"><attributes><text id="name">Change Attribute</text><text id="bundleName">ChangeAttribute.behavior</text><text id="targetAttribute">self.attributes.id822752</text><text id="RHS">0</text></attributes></behavior></behaviors></behavior></behaviors><elseBehaviors/></behavior></behaviors></actor><actor id="id904837" prototype="id571617"><attributes><point id="position"><real id="x">1709.53</real><real id="y">28.0234</real></point><size id="size"><real id="width">50</real><real id="height">50</real></size></attributes><aspects/><behaviors><behavior id="id286699" class="ChangeAttributeAction" enabled="true"><attributes><text id="name">Change Attribute</text><text id="bundleName">ChangeAttribute.behavior</text><text id="targetAttribute">game.attributes.id503451</text><text id="RHS">false</text></attributes></behavior><behavior id="id892419" class="ChangeAttributeAction" enabled="true"><attributes><text id="name">Change Attribute</text><text id="bundleName">ChangeAttribute.behavior</text><text id="targetAttribute">self.attributes.position.x</text><text id="RHS"><expression><string>tableCellValue(</string><reference keypath="game.attributes.id808972"/><string>,</string><reference keypath="game.attributes.id394741"/><string>,1)</string></expression></text></attributes></behavior><behavior id="id576216" class="ChangeAttributeAction" enabled="true"><attributes><text id="name">Change Attribute</text><text id="bundleName">ChangeAttribute.behavior</text><text id="targetAttribute">self.attributes.position.y</text><text id="RHS"><expression><string>tableCellValue(</string><reference keypath="game.attributes.id808972"/><string>,</string><reference keypath="game.attributes.id394741"/><string>,2)</string></expression></text></attributes></behavior><behavior id="id695795" class="CollideBehavior" enabled="true"><attributes><text id="name">Collide</text><text id="bundleName">Collide.behavior</text><text id="prototypeKey">id481881</text><text id="actorTag">Collidable</text><index id="mode">1</index></attributes></behavior><behavior id="id184489" class="AccelerateBehavior" enabled="true"><attributes><text id="name">Accelerate</text><text id="bundleName">Accelerate.behavior</text><angle id="direction">270</angle><index id="space">1</index><real id="acceleration">200</real></attributes></behavior><behavior enabled="true" id="id302558" class="RuleBehavior"><attributes><text id="name">Target Destruction</text><text id="bundleName">Rule.behavior</text><real id="compoundConditionKind">0</real></attributes><conditions><condition id="id695400" pluginPredicateTypeIndex="0" eventType="overlaps or collides"><attributes><index id="conditionType">0</index></attributes><predicate type="collision"><attributes><text id="prototypeKey">id208187</text><text id="actorTag">Collidable</text><real id="mode">0</real></attributes></predicate></condition></conditions><behaviors><behavior id="id879542" class="ParticlesBehavior" enabled="true"><attributes><text id="name">Particles</text><text id="bundleName">Particles.behavior</text><index id="numParticles"><expression><string>200</string></expression></index><real id="size">20</real><real id="lifetime"><expression><string>1</string></expression></real><real id="startupTime"><expression><string>1</string></expression></real><angle id="direction"><expression><string>random(0,359)</string></expression></angle><real id="speed">100</real><image id="image">star</image><angle id="rotation"><expression><string>random(0,359)</string></expression></angle><real id="angularVelocity">50</real><index id="directionRelativity">0</index><real id="emitterOffsetX">0</real><real id="emitterOffsetY">0</real><boolean id="colorChange">true</boolean><boolean id="sizeChange">true</boolean><real id="colorTransitionTime">1</real><real id="sizeTarget">0</real><real id="sizeTransitionTime"><expression><string>1</string></expression></real><color id="color"><real id="red">0</real><real id="green">0.0345667</real><real id="blue">1</real><real id="alpha">0.5</real></color><color id="colorTarget"><real id="red">0.913676</real><real id="green">1</real><real id="blue">0</real><real id="alpha">0.5</real></color><boolean id="affectedByGravity">false</boolean><enumeration id="blendingMode">0</enumeration></attributes></behavior><behavior id="id517749" class="ParticlesBehavior" enabled="true"><attributes><text id="name">Particles</text><text id="bundleName">Particles.behavior</text><index id="numParticles"><expression><string>200</string></expression></index><real id="size">20</real><real id="lifetime"><expression><string>1</string></expression></real><real id="startupTime"><expression><string>1</string></expression></real><angle id="direction"><expression><string>random(0,359)</string></expression></angle><real id="speed">100</real><image id="image">star</image><angle id="rotation"><expression><string>random(0,359)</string></expression></angle><real id="angularVelocity">50</real><index id="directionRelativity">0</index><real id="emitterOffsetX">0</real><real id="emitterOffsetY">0</real><boolean id="colorChange">true</boolean><boolean id="sizeChange">true</boolean><real id="colorTransitionTime">1</real><real id="sizeTarget">0</real><real id="sizeTransitionTime"><expression><string>1</string></expression></real><color id="color"><real id="red">0</real><real id="green">1</real><real id="blue">0.272914</real><real id="alpha">0.5</real></color><color id="colorTarget"><real id="red">0.913676</real><real id="green">1</real><real id="blue">0</real><real id="alpha">0.5</real></color><boolean id="affectedByGravity">false</boolean><enumeration id="blendingMode">0</enumeration></attributes></behavior><behavior id="id697327" class="ParticlesBehavior" enabled="true"><attributes><text id="name">Particles</text><text id="bundleName">Particles.behavior</text><index id="numParticles"><expression><string>200</string></expression></index><real id="size">20</real><real id="lifetime"><expression><string>1</string></expression></real><real id="startupTime"><expression><string>1</string></expression></real><angle id="direction"><expression><string>random(0,359)</string></expression></angle><real id="speed">100</real><image id="image">star</image><angle id="rotation"><expression><string>random(0,359)</string></expression></angle><real id="angularVelocity">50</real><index id="directionRelativity">0</index><real id="emitterOffsetX">0</real><real id="emitterOffsetY">0</real><boolean id="colorChange">true</boolean><boolean id="sizeChange">true</boolean><real id="colorTransitionTime">1</real><real id="sizeTarget">0</real><real id="sizeTransitionTime"><expression><string>1</string></expression></real><color id="color"><real id="red">1</real><real id="green">0</real><real id="blue">0.108051</real><real id="alpha">0.5</real></color><color id="colorTarget"><real id="red">0.986347</real><real id="green">1</real><real id="blue">0</real><real id="alpha">0.5</real></color><boolean id="affectedByGravity">false</boolean><enumeration id="blendingMode">2</enumeration></attributes></behavior><behavior id="id902378" class="ParticlesBehavior" enabled="true"><attributes><text id="name">Particles</text><text id="bundleName">Particles.behavior</text><index id="numParticles"><expression><string>200</string></expression></index><real id="size">20</real><real id="lifetime"><expression><string>1</string></expression></real><real id="startupTime"><expression><string>1</string></expression></real><angle id="direction"><expression><string>random(0,359)</string></expression></angle><real id="speed">100</real><image id="image">star</image><angle id="rotation"><expression><string>random(0,359)</string></expression></angle><real id="angularVelocity">50</real><index id="directionRelativity">0</index><real id="emitterOffsetX">0</real><real id="emitterOffsetY">0</real><boolean id="colorChange">true</boolean><boolean id="sizeChange">true</boolean><real id="colorTransitionTime">1</real><real id="sizeTarget">0</real><real id="sizeTransitionTime"><expression><string>1</string></expression></real><color id="color"><real id="red">0.260844</real><real id="green">1</real><real id="blue">0</real><real id="alpha">0.5</real></color><color id="colorTarget"><real id="red">0.943182</real><real id="green">1</real><real id="blue">0.965085</real><real id="alpha">0.5</real></color><boolean id="affectedByGravity">false</boolean><enumeration id="blendingMode">2</enumeration></attributes></behavior><behavior id="id365289" class="TimerBehavior" enabled="true"><attributes><text id="name">Timer</text><text id="bundleName">Timer.behavior</text><index id="timerType">1</index><real id="interval">0.5</real><boolean id="runToCompletion">true</boolean></attributes><behaviors><behavior id="id738208" class="ChangeAttributeAction" enabled="true"><attributes><text id="name">Change Attribute</text><text id="bundleName">ChangeAttribute.behavior</text><text id="targetAttribute">game.attributes.id503451</text><text id="RHS">true</text></attributes></behavior><behavior id="id596174" class="ChangeAttributeAction" enabled="true"><attributes><text id="name">Change Attribute</text><text id="bundleName">ChangeAttribute.behavior</text><text id="targetAttribute">self.attributes.position.x</text><text id="RHS">1400</text></attributes></behavior><behavior id="id321727" class="ChangeAttributeAction" enabled="true"><attributes><text id="name">Change Attribute</text><text id="bundleName">ChangeAttribute.behavior</text><text id="targetAttribute">self.attributes.position.y</text><text id="RHS">1300</text></attributes></behavior></behaviors></behavior></behaviors><elseBehaviors/></behavior><behavior enabled="true" id="id987607" class="RuleBehavior"><attributes><text id="name">Level up</text><text id="bundleName">Rule.behavior</text><real id="compoundConditionKind">0</real></attributes><conditions><condition id="id648628" pluginPredicateTypeIndex="0" eventType="mouse button"><attributes><index id="conditionType">1</index><text id="subjectAttribute">game.attributes.id503451</text></attributes><predicate type="boolean"><attributes><index id="RHS">1</index></attributes></predicate></condition><condition id="id716138" pluginPredicateTypeIndex="0" eventType="mouse button"><attributes><index id="conditionType">1</index><text id="subjectAttribute">game.attributes.id736206</text></attributes><predicate type="boolean"><attributes><index id="RHS">1</index></attributes></predicate></condition></conditions><behaviors><behavior id="id979141" class="ChangeAttributeAction" enabled="true"><attributes><text id="name">Change Attribute</text><text id="bundleName">ChangeAttribute.behavior</text><text id="targetAttribute">game.attributes.id394741</text><text id="RHS"><expression><reference keypath="game.attributes.id394741"/><string>+1</string></expression></text></attributes></behavior><behavior enabled="true" id="id956100" class="RuleBehavior"><attributes><text id="name">Rule</text><text id="bundleName">Rule.behavior</text><real id="compoundConditionKind">0</real></attributes><conditions><condition id="id968545" pluginPredicateTypeIndex="0" eventType="mouse button"><attributes><index id="conditionType">1</index><text id="subjectAttribute">game.attributes.id394741</text></attributes><predicate type="number"><attributes><text id="operator">&gt;</text><real id="RHS"><expression><reference keypath="game.attributes.id956188"/></expression></real></attributes></predicate></condition></conditions><behaviors><behavior id="id657979" class="ChangeAttributeAction" enabled="true"><attributes><text id="name">Change Attribute</text><text id="bundleName">ChangeAttribute.behavior</text><text id="targetAttribute">game.attributes.id956188</text><text id="RHS"><expression><reference keypath="game.attributes.id394741"/></expression></text></attributes></behavior></behaviors><elseBehaviors/></behavior><behavior id="id121292" class="CompoundBehavior" enabled="true"><attributes><text id="name">No Movement</text><text id="bundleName">Group.behavior</text></attributes><behaviors><behavior id="id422178" class="ChangeAttributeAction" enabled="true"><attributes><text id="name">Change Attribute</text><text id="bundleName">ChangeAttribute.behavior</text><text id="targetAttribute">self.aspects.motion.attributes.linearVelocity.x</text><text id="RHS">0</text></attributes></behavior><behavior id="id260387" class="ChangeAttributeAction" enabled="true"><attributes><text id="name">Change Attribute</text><text id="bundleName">ChangeAttribute.behavior</text><text id="targetAttribute">self.aspects.motion.attributes.linearVelocity.y</text><text id="RHS">0</text></attributes></behavior><behavior id="id691199" class="ChangeAttributeAction" enabled="true"><attributes><text id="name">Change Attribute</text><text id="bundleName">ChangeAttribute.behavior</text><text id="targetAttribute">self.aspects.motion.attributes.angularVelocity</text><text id="RHS">0</text></attributes></behavior><behavior id="id284399" class="ChangeAttributeAction" enabled="true"><attributes><text id="name">Change Attribute</text><text id="bundleName">ChangeAttribute.behavior</text><text id="targetAttribute">self.attributes.rotation</text><text id="RHS">0</text></attributes></behavior></behaviors></behavior><behavior id="id691810" class="TimerBehavior" enabled="true"><attributes><text id="name">Timer</text><text id="bundleName">Timer.behavior</text><index id="timerType">1</index><real id="interval">1</real><boolean id="runToCompletion">true</boolean></attributes><behaviors><behavior id="id640176" class="ChangeAttributeAction" enabled="true"><attributes><text id="name">Change Attribute</text><text id="bundleName">ChangeAttribute.behavior</text><text id="targetAttribute">self.attributes.position.x</text><text id="RHS"><expression><string>tableCellValue(</string><reference keypath="game.attributes.id808972"/><string>,</string><reference keypath="game.attributes.id394741"/><string>,1)</string></expression></text></attributes></behavior><behavior id="id848661" class="ChangeAttributeAction" enabled="true"><attributes><text id="name">Change Attribute</text><text id="bundleName">ChangeAttribute.behavior</text><text id="targetAttribute">self.attributes.position.y</text><text id="RHS"><expression><string>tableCellValue(</string><reference keypath="game.attributes.id808972"/><string>,</string><reference keypath="game.attributes.id394741"/><string>,2)</string></expression></text></attributes></behavior></behaviors></behavior></behaviors><elseBehaviors/></behavior></behaviors></actor><actor id="id191293" prototype="id509064"><attributes><point id="position"><real id="x">1709.97</real><real id="y">171.727</real></point><size id="size"><real id="width">216.535</real><real id="height">24</real></size></attributes><aspects/><behaviors><behavior id="id515678" class="ChangeAttributeAction" enabled="true"><attributes><text id="name">Change Attribute</text><text id="bundleName">ChangeAttribute.behavior</text><text id="targetAttribute">self.attributes.position.x</text><text id="RHS"><expression><string>tableCellValue(</string><reference keypath="game.attributes.id100794"/><string>,</string><reference keypath="game.attributes.id394741"/><string>,1)</string></expression></text></attributes></behavior><behavior id="id356592" class="ChangeAttributeAction" enabled="true"><attributes><text id="name">Change Attribute</text><text id="bundleName">ChangeAttribute.behavior</text><text id="targetAttribute">self.attributes.position.y</text><text id="RHS"><expression><string>tableCellValue(</string><reference keypath="game.attributes.id100794"/><string>,</string><reference keypath="game.attributes.id394741"/><string>,2)</string></expression></text></attributes></behavior><behavior id="id655881" class="CollideBehavior" enabled="true"><attributes><text id="name">Collide</text><text id="bundleName">Collide.behavior</text><text id="prototypeKey">id481881</text><text id="actorTag">Collidable</text><index id="mode">1</index></attributes></behavior><behavior id="id268307" class="AccelerateBehavior" enabled="true"><attributes><text id="name">Accelerate</text><text id="bundleName">Accelerate.behavior</text><angle id="direction">270</angle><index id="space">1</index><real id="acceleration">200</real></attributes></behavior><behavior enabled="true" id="id568317" class="RuleBehavior"><attributes><text id="name">Collision Increment</text><text id="bundleName">Rule.behavior</text><real id="compoundConditionKind">0</real></attributes><conditions><condition id="id662116" pluginPredicateTypeIndex="0" eventType="overlaps or collides"><attributes><index id="conditionType">0</index></attributes><predicate type="collision"><attributes><text id="prototypeKey">id208187</text><text id="actorTag">Collidable</text><real id="mode">0</real></attributes></predicate></condition></conditions><behaviors><behavior id="id284287" class="ChangeAttributeAction" enabled="true"><attributes><text id="name">Change Attribute</text><text id="bundleName">ChangeAttribute.behavior</text><text id="targetAttribute">self.attributes.id960905</text><text id="RHS"><expression><reference keypath="self.attributes.id960905"/><string>+1</string></expression></text></attributes></behavior></behaviors><elseBehaviors/></behavior><behavior enabled="true" id="id560339" class="RuleBehavior"><attributes><text id="name">Block Destruction</text><text id="bundleName">Rule.behavior</text><real id="compoundConditionKind">0</real></attributes><conditions><condition id="id308910" pluginPredicateTypeIndex="0" eventType="mouse button"><attributes><index id="conditionType">1</index><text id="subjectAttribute">self.attributes.id960905</text></attributes><predicate type="number"><attributes><text id="operator">&gt;=</text><real id="RHS">2</real></attributes></predicate></condition></conditions><behaviors><behavior id="id961281" class="ChangeAttributeAction" enabled="true"><attributes><text id="name">Change Attribute</text><text id="bundleName">ChangeAttribute.behavior</text><text id="targetAttribute">self.attributes.position.x</text><text id="RHS">1000</text></attributes></behavior><behavior id="id131549" class="ChangeAttributeAction" enabled="true"><attributes><text id="name">Change Attribute</text><text id="bundleName">ChangeAttribute.behavior</text><text id="targetAttribute">self.attributes.position.y</text><text id="RHS">1300</text></attributes></behavior></behaviors><elseBehaviors/></behavior><behavior enabled="true" id="id207186" class="RuleBehavior"><attributes><text id="name">Level Up</text><text id="bundleName">Rule.behavior</text><real id="compoundConditionKind">0</real></attributes><conditions><condition id="id278004" pluginPredicateTypeIndex="0" eventType="mouse button"><attributes><index id="conditionType">1</index><text id="subjectAttribute">game.attributes.id503451</text></attributes><predicate type="boolean"><attributes><index id="RHS">1</index></attributes></predicate></condition><condition id="id656261" pluginPredicateTypeIndex="0" eventType="mouse button"><attributes><index id="conditionType">1</index><text id="subjectAttribute">game.attributes.id736206</text></attributes><predicate type="boolean"><attributes><index id="RHS">1</index></attributes></predicate></condition></conditions><behaviors><behavior id="id625951" class="TimerBehavior" enabled="true"><attributes><text id="name">Timer</text><text id="bundleName">Timer.behavior</text><index id="timerType">1</index><real id="interval">1</real><boolean id="runToCompletion">true</boolean></attributes><behaviors><behavior id="id370547" class="CompoundBehavior" enabled="true"><attributes><text id="name">No Movement</text><text id="bundleName">Group.behavior</text></attributes><behaviors><behavior id="id422178" class="ChangeAttributeAction" enabled="true"><attributes><text id="name">Change Attribute</text><text id="bundleName">ChangeAttribute.behavior</text><text id="targetAttribute">self.aspects.motion.attributes.linearVelocity.x</text><text id="RHS">0</text></attributes></behavior><behavior id="id260387" class="ChangeAttributeAction" enabled="true"><attributes><text id="name">Change Attribute</text><text id="bundleName">ChangeAttribute.behavior</text><text id="targetAttribute">self.aspects.motion.attributes.linearVelocity.y</text><text id="RHS">0</text></attributes></behavior><behavior id="id691199" class="ChangeAttributeAction" enabled="true"><attributes><text id="name">Change Attribute</text><text id="bundleName">ChangeAttribute.behavior</text><text id="targetAttribute">self.aspects.motion.attributes.angularVelocity</text><text id="RHS">0</text></attributes></behavior><behavior id="id284399" class="ChangeAttributeAction" enabled="true"><attributes><text id="name">Change Attribute</text><text id="bundleName">ChangeAttribute.behavior</text><text id="targetAttribute">self.attributes.rotation</text><text id="RHS">0</text></attributes></behavior></behaviors></behavior><behavior id="id784899" class="ChangeAttributeAction" enabled="true"><attributes><text id="name">Change Attribute</text><text id="bundleName">ChangeAttribute.behavior</text><text id="targetAttribute">self.attributes.position.x</text><text id="RHS"><expression><string>tableCellValue(</string><reference keypath="game.attributes.id100794"/><string>,</string><reference keypath="game.attributes.id394741"/><string>,1)</string></expression></text></attributes></behavior><behavior id="id539397" class="ChangeAttributeAction" enabled="true"><attributes><text id="name">Change Attribute</text><text id="bundleName">ChangeAttribute.behavior</text><text id="targetAttribute">self.attributes.position.y</text><text id="RHS"><expression><string>tableCellValue(</string><reference keypath="game.attributes.id100794"/><string>,</string><reference keypath="game.attributes.id394741"/><string>,2)</string></expression></text></attributes></behavior><behavior id="id612739" class="ChangeAttributeAction" enabled="true"><attributes><text id="name">Change Attribute</text><text id="bundleName">ChangeAttribute.behavior</text><text id="targetAttribute">self.attributes.id960905</text><text id="RHS">0</text></attributes></behavior></behaviors></behavior></behaviors><elseBehaviors/></behavior></behaviors></actor><actor id="id765866" prototype="id789205"><attributes><point id="position"><real id="x">428.008</real><real id="y">266.906</real></point></attributes><aspects/></actor></actors><attributes><text id="name">Background</text><boolean id="scrollable">true</boolean></attributes></layer></layers><attributes><text id="name">Initial Scene</text><real id="time">0</real><size id="size"><real id="width">1920</real><real id="height">1280</real></size><boolean id="wrapX">false</boolean><boolean id="wrapY">false</boolean><point id="gravity"><real id="x">0</real><real id="y">0</real></point><color id="color"><real id="red">0</real><real id="green">0</real><real id="blue">0</real><real id="alpha">1</real></color><rect id="camera"><point id="origin"><real id="x">0</real><real id="y">0</real></point><size id="size"><real id="width">480</real><real id="height">320</real></size><size id="trackingArea"><real id="width">200</real><real id="height">150</real></size><real id="rotation">0</real></rect><attributes id="autorotate"><boolean id="landscapeLeft">true</boolean><boolean id="portrait">false</boolean><boolean id="landscapeRight">false</boolean><boolean id="portraitUpsideDown">false</boolean></attributes></attributes></scene>
