<?xml version="1.0" encoding="UTF-8"?>
<scene id="id269551" GSCVersion="0.9.90" PGFVersion="0.17"><layers><layer id="id112326"><actors><actor id="id237707" prototype="id968300"><attributes><point id="position"><real id="x">961.113</real><real id="y">639.554</real></point><size id="size"><real id="width">1921.77</real><real id="height">1283.98</real></size></attributes><aspects/></actor><actor id="id305460" prototype="id481881"><attributes><text id="name">Slingshot Component Foot</text><point id="position"><real id="x">138.945</real><real id="y">51.6602</real></point><size id="size"><real id="width">24</real><real id="height">100</real></size></attributes><aspects/></actor><actor id="id185687" prototype="id481881"><attributes><text id="name">Slingshot Component Right</text><point id="position"><real id="x">162.029</real><real id="y">138.339</real></point><size id="size"><real id="width">24</real><real id="height">100</real></size><angle id="rotation">330</angle></attributes><aspects/></actor><actor id="id834841" prototype="id481881"><attributes><text id="name">Slingshot Component Left</text><point id="position"><real id="x">114.891</real><real id="y">139.555</real></point><size id="size"><real id="width">24</real><real id="height">100</real></size><angle id="rotation">30</angle></attributes><aspects/></actor><actor id="id650077" prototype="id208187"><attributes><point id="position"><real id="x">138.344</real><real id="y">165.797</real></point></attributes><aspects/><behaviors><behavior id="id517195" class="ChangeAttributeAction" enabled="true"><attributes><text id="name">Change Attribute</text><text id="bundleName">ChangeAttribute.behavior</text><text id="targetAttribute">self.attributes.id668325</text><text id="RHS">false</text></attributes></behavior><behavior id="id399133" class="ChangeAttributeAction" enabled="true"><attributes><text id="name">Change Attribute</text><text id="bundleName">ChangeAttribute.behavior</text><text id="targetAttribute">game.attributes.id676734</text><text id="RHS"><expression><reference keypath="self.attributes.position.x"/></expression></text></attributes></behavior><behavior id="id413756" class="ChangeAttributeAction" enabled="true"><attributes><text id="name">Change Attribute</text><text id="bundleName">ChangeAttribute.behavior</text><text id="targetAttribute">game.attributes.id643602</text><text id="RHS"><expression><reference keypath="self.attributes.position.y"/></expression></text></attributes></behavior><behavior enabled="true" id="id589693" class="RuleBehavior"><attributes><text id="name">Touch</text><text id="bundleName">Rule.behavior</text><real id="compoundConditionKind">0</real></attributes><conditions><condition id="id284324" pluginPredicateTypeIndex="0" eventType="touch"><attributes><index id="conditionType">0</index></attributes><predicate type="touch" conditionType="pressed"><attributes/></predicate></condition></conditions><behaviors><behavior id="id896729" class="ConstrainAttributeBehavior" enabled="true"><attributes><text id="name">Constrain Attribute</text><text id="bundleName">ConstrainAttribute.behavior</text><text id="targetAttribute">game.attributes.id286266</text><text id="RHS"><expression><reference keypath="self.attributes.position.x"/></expression></text></attributes></behavior><behavior id="id538135" class="ConstrainAttributeBehavior" enabled="true"><attributes><text id="name">Constrain Attribute</text><text id="bundleName">ConstrainAttribute.behavior</text><text id="targetAttribute">game.attributes.id859711</text><text id="RHS"><expression><reference keypath="self.attributes.position.y"/></expression></text></attributes></behavior><behavior id="id318717" class="ChangeAttributeAction" enabled="true"><attributes><text id="name">Change Attribute</text><text id="bundleName">ChangeAttribute.behavior</text><text id="targetAttribute">self.attributes.id668325</text><text id="RHS">true</text></attributes></behavior><behavior id="id549464" class="ConstrainAttributeBehavior" enabled="true"><attributes><text id="name">Constrain Attribute</text><text id="bundleName">ConstrainAttribute.behavior</text><text id="targetAttribute">self.attributes.position.x</text><text id="RHS"><expression><reference keypath="game.attributes.id676734"/><string>+min(</string><reference keypath="game.attributes.id519018"/><string>,magnitude(</string><reference keypath="game.devices.mouse.position.x"/><string>-</string><reference keypath="game.attributes.id676734"/><string>,</string><reference keypath="game.devices.mouse.position.y"/><string>-</string><reference keypath="game.attributes.id643602"/><string>))*cos(vectorToAngle(</string><reference keypath="game.devices.mouse.position.x"/><string>-</string><reference keypath="game.attributes.id676734"/><string>,</string><reference keypath="game.devices.mouse.position.y"/><string>-</string><reference keypath="game.attributes.id643602"/><string>))</string></expression></text></attributes></behavior><behavior id="id378798" class="ConstrainAttributeBehavior" enabled="true"><attributes><text id="name">Constrain Attribute</text><text id="bundleName">ConstrainAttribute.behavior</text><text id="targetAttribute">self.attributes.position.y</text><text id="RHS"><expression><reference keypath="game.attributes.id643602"/><string>+min(</string><reference keypath="game.attributes.id519018"/><string>,magnitude(</string><reference keypath="game.devices.mouse.position.x"/><string>-</string><reference keypath="game.attributes.id676734"/><string>,</string><reference keypath="game.devices.mouse.position.y"/><string>-</string><reference keypath="game.attributes.id643602"/><string>))*sin(vectorToAngle(</string><reference keypath="game.devices.mouse.position.x"/><string>-</string><reference keypath="game.attributes.id676734"/><string>,</string><reference keypath="game.devices.mouse.position.y"/><string>-</string><reference keypath="game.attributes.id643602"/><string>))</string></expression></text></attributes></behavior></behaviors><elseBehaviors><behavior id="id785679" class="ChangeAttributeAction" enabled="true"><attributes><text id="name">Change Attribute</text><text id="bundleName">ChangeAttribute.behavior</text><text id="targetAttribute">game.attributes.id286266</text><text id="RHS"><expression><reference keypath="game.attributes.id676734"/></expression></text></attributes></behavior><behavior id="id111158" class="ChangeAttributeAction" enabled="true"><attributes><text id="name">Change Attribute</text><text id="bundleName">ChangeAttribute.behavior</text><text id="targetAttribute">game.attributes.id859711</text><text id="RHS"><expression><reference keypath="game.attributes.id643602"/></expression></text></attributes></behavior><behavior enabled="true" id="id715017" class="RuleBehavior"><attributes><text id="name">Throwing</text><text id="bundleName">Rule.behavior</text><real id="compoundConditionKind">0</real></attributes><conditions><condition id="id140987" pluginPredicateTypeIndex="0" eventType="mouse button"><attributes><index id="conditionType">1</index><text id="subjectAttribute">self.attributes.id668325</text></attributes><predicate type="boolean"><attributes><index id="RHS">1</index></attributes></predicate></condition></conditions><behaviors><behavior id="id283313" class="ChangeVelocityAction" enabled="true"><attributes><text id="name">Change Velocity</text><text id="bundleName">ChangeVelocity.behavior</text><angle id="direction"><expression><string>180+vectorToAngle(</string><reference keypath="self.attributes.position.x"/><string>-</string><reference keypath="game.attributes.id676734"/><string>,</string><reference keypath="self.attributes.position.y"/><string>-</string><reference keypath="game.attributes.id643602"/><string>)</string></expression></angle><index id="space">1</index><real id="speed"><expression><string>10*magnitude(</string><reference keypath="self.attributes.position.x"/><string>-</string><reference keypath="game.attributes.id676734"/><string>,</string><reference keypath="self.attributes.position.y"/><string>-</string><reference keypath="game.attributes.id643602"/><string>)</string></expression></real></attributes></behavior><behavior id="id914631" class="AccelerateBehavior" enabled="true"><attributes><text id="name">Accelerate</text><text id="bundleName">Accelerate.behavior</text><angle id="direction">270</angle><index id="space">1</index><real id="acceleration">200</real></attributes></behavior><behavior id="id943393" class="ChangeAttributeAction" enabled="true"><attributes><text id="name">Change Attribute</text><text id="bundleName">ChangeAttribute.behavior</text><text id="targetAttribute">self.aspects.physics.attributes.drag</text><text id="RHS">100</text></attributes></behavior><behavior id="id976198" class="InterpolateBehavior" enabled="true"><attributes><text id="name">Interpolate</text><text id="bundleName">Interpolate.behavior</text><boolean id="runToCompletion">true</boolean><text id="targetAttribute">scene.attributes.camera.size.width</text><real id="finalValue">920</real><real id="duration">2</real><index id="easing">0</index></attributes></behavior><behavior id="id221601" class="InterpolateBehavior" enabled="true"><attributes><text id="name">Interpolate</text><text id="bundleName">Interpolate.behavior</text><boolean id="runToCompletion">true</boolean><text id="targetAttribute">scene.attributes.camera.size.height</text><real id="finalValue">640</real><real id="duration"><expression><string>2</string></expression></real><index id="easing">0</index></attributes></behavior><behavior id="id151163" class="TimerBehavior" enabled="true"><attributes><text id="name">Timer</text><text id="bundleName">Timer.behavior</text><index id="timerType">1</index><real id="interval"><expression><string>2</string></expression></real><boolean id="runToCompletion">false</boolean></attributes><behaviors><behavior id="id379145" class="InterpolateBehavior" enabled="true"><attributes><text id="name">Interpolate</text><text id="bundleName">Interpolate.behavior</text><boolean id="runToCompletion">true</boolean><text id="targetAttribute">scene.attributes.camera.size.width</text><real id="finalValue">460</real><real id="duration">2</real><index id="easing">0</index></attributes></behavior><behavior id="id301426" class="InterpolateBehavior" enabled="true"><attributes><text id="name">Interpolate</text><text id="bundleName">Interpolate.behavior</text><boolean id="runToCompletion">true</boolean><text id="targetAttribute">scene.attributes.camera.size.height</text><real id="finalValue">320</real><real id="duration"><expression><string>2</string></expression></real><index id="easing">0</index></attributes></behavior></behaviors></behavior></behaviors><elseBehaviors/></behavior></elseBehaviors></behavior><behavior id="id615806" class="ControlCameraBehavior" enabled="true"><attributes><text id="name">Control Camera</text><text id="bundleName">ControlCamera.behavior</text></attributes></behavior></behaviors></actor><actor id="id811356" prototype="id798373"><attributes><text id="name">elastic right</text><point id="position"><real id="x">172.23</real><real id="y">149.184</real></point></attributes><aspects/><behaviors><behavior id="id265457" class="ConstrainAttributeBehavior" enabled="true"><attributes><text id="name">Constrain Attribute</text><text id="bundleName">ConstrainAttribute.behavior</text><text id="targetAttribute">self.attributes.position.x</text><text id="RHS"><expression><reference keypath="game.attributes.id286266"/><string>+(</string><reference keypath="scene.layers.id112326.actors.id185687.attributes.position.x"/><string>-</string><reference keypath="game.attributes.id286266"/><string>)/2</string></expression></text></attributes></behavior><behavior id="id609340" class="ConstrainAttributeBehavior" enabled="true"><attributes><text id="name">Constrain Attribute</text><text id="bundleName">ConstrainAttribute.behavior</text><text id="targetAttribute">self.attributes.position.y</text><text id="RHS"><expression><reference keypath="game.attributes.id859711"/><string>+(</string><reference keypath="scene.layers.id112326.actors.id185687.attributes.position.y"/><string>-</string><reference keypath="game.attributes.id859711"/><string>)/2</string></expression></text></attributes></behavior><behavior id="id432513" class="ConstrainAttributeBehavior" enabled="true"><attributes><text id="name">Constrain Attribute</text><text id="bundleName">ConstrainAttribute.behavior</text><text id="targetAttribute">self.attributes.size.width</text><text id="RHS"><expression><string>magnitude(</string><reference keypath="scene.layers.id112326.actors.id185687.attributes.position.x"/><string>-</string><reference keypath="game.attributes.id286266"/><string>,</string><reference keypath="scene.layers.id112326.actors.id185687.attributes.position.y"/><string>-</string><reference keypath="game.attributes.id859711"/><string>)</string></expression></text></attributes></behavior><behavior id="id591651" class="ConstrainAttributeBehavior" enabled="true"><attributes><text id="name">Constrain Attribute</text><text id="bundleName">ConstrainAttribute.behavior</text><text id="targetAttribute">self.attributes.rotation</text><text id="RHS"><expression><string>vectorToAngle(</string><reference keypath="game.attributes.id286266"/><string>-</string><reference keypath="scene.layers.id112326.actors.id185687.attributes.position.x"/><string>,</string><reference keypath="game.attributes.id859711"/><string>-</string><reference keypath="scene.layers.id112326.actors.id185687.attributes.position.y"/><string>)</string></expression></text></attributes></behavior></behaviors></actor><actor id="id286932" prototype="id798373"><attributes><text id="name">elastic left</text><point id="position"><real id="x">108.914</real><real id="y">143.824</real></point></attributes><aspects/><behaviors><behavior id="id491322" class="ConstrainAttributeBehavior" enabled="true"><attributes><text id="name">Constrain Attribute</text><text id="bundleName">ConstrainAttribute.behavior</text><text id="targetAttribute">self.attributes.position.x</text><text id="RHS"><expression><reference keypath="game.attributes.id286266"/><string>+(</string><reference keypath="scene.layers.id112326.actors.id834841.attributes.position.x"/><string>-</string><reference keypath="game.attributes.id286266"/><string>)/2</string></expression></text></attributes></behavior><behavior id="id113623" class="ConstrainAttributeBehavior" enabled="true"><attributes><text id="name">Constrain Attribute</text><text id="bundleName">ConstrainAttribute.behavior</text><text id="targetAttribute">self.attributes.position.y</text><text id="RHS"><expression><reference keypath="game.attributes.id859711"/><string>+(</string><reference keypath="scene.layers.id112326.actors.id834841.attributes.position.y"/><string>-</string><reference keypath="game.attributes.id859711"/><string>)/2</string></expression></text></attributes></behavior><behavior id="id964723" class="ConstrainAttributeBehavior" enabled="true"><attributes><text id="name">Constrain Attribute</text><text id="bundleName">ConstrainAttribute.behavior</text><text id="targetAttribute">self.attributes.size.width</text><text id="RHS"><expression><string>magnitude(</string><reference keypath="scene.layers.id112326.actors.id834841.attributes.position.x"/><string>-</string><reference keypath="game.attributes.id286266"/><string>,</string><reference keypath="scene.layers.id112326.actors.id834841.attributes.position.y"/><string>-</string><reference keypath="game.attributes.id859711"/><string>)</string></expression></text></attributes></behavior><behavior id="id252841" class="ConstrainAttributeBehavior" enabled="true"><attributes><text id="name">Constrain Attribute</text><text id="bundleName">ConstrainAttribute.behavior</text><text id="targetAttribute">self.attributes.rotation</text><text id="RHS"><expression><string>vectorToAngle(</string><reference keypath="game.attributes.id286266"/><string>-</string><reference keypath="scene.layers.id112326.actors.id834841.attributes.position.x"/><string>,</string><reference keypath="game.attributes.id859711"/><string>-</string><reference keypath="scene.layers.id112326.actors.id834841.attributes.position.y"/><string>)</string></expression></text></attributes></behavior></behaviors></actor></actors><attributes><text id="name">Background</text><boolean id="scrollable">true</boolean></attributes></layer></layers><attributes><text id="name">Initial Scene</text><real id="time">0</real><size id="size"><real id="width">1920</real><real id="height">1280</real></size><boolean id="wrapX">false</boolean><boolean id="wrapY">false</boolean><point id="gravity"><real id="x">0</real><real id="y">0</real></point><color id="color"><real id="red">0</real><real id="green">0</real><real id="blue">0</real><real id="alpha">1</real></color><rect id="camera"><point id="origin"><real id="x">0</real><real id="y">0</real></point><size id="size"><real id="width">480</real><real id="height">320</real></size><size id="trackingArea"><real id="width">200</real><real id="height">150</real></size><real id="rotation">0</real></rect><attributes id="autorotate"><boolean id="landscapeLeft">true</boolean><boolean id="portrait">false</boolean><boolean id="landscapeRight">false</boolean><boolean id="portraitUpsideDown">false</boolean></attributes></attributes></scene>
