<?xml version="1.0" encoding="UTF-8"?>
<scene id="id655553" GSCVersion="0.9.90" PGFVersion="0.17"><layers><layer id="id893541"><actors><actor id="id920058" prototype="id166763"><attributes><point id="position"><real id="x">384.562</real><real id="y">513.336</real></point><size id="size"><real id="width">768</real><real id="height">1024</real></size></attributes><aspects/></actor><actor id="id217177" prototype="id971167"><attributes><point id="position"><real id="x">222.508</real><real id="y">326.309</real></point><size id="size"><real id="width">294</real><real id="height">57</real></size></attributes><aspects/></actor><actor id="id997099" prototype="id876372"><attributes><point id="position"><real id="x">126.203</real><real id="y">132.281</real></point></attributes><aspects/></actor></actors><attributes><text id="name">Background</text><boolean id="scrollable">true</boolean></attributes></layer></layers><attributes><text id="name">Home</text><real id="time">0</real><size id="size"><real id="width">768</real><real id="height">1024</real></size><boolean id="wrapX">false</boolean><boolean id="wrapY">false</boolean><point id="gravity"><real id="x">0</real><real id="y">0</real></point><color id="color"><real id="red">0</real><real id="green">0</real><real id="blue">0</real><real id="alpha">1</real></color><rect id="camera"><point id="origin"><real id="x">0</real><real id="y">0</real></point><size id="size"><real id="width">768</real><real id="height">1024</real></size><size id="trackingArea"><real id="width">688</real><real id="height">944</real></size><real id="rotation">0</real></rect><attributes id="autorotate"><boolean id="landscapeLeft">false</boolean><boolean id="portrait">true</boolean><boolean id="landscapeRight">false</boolean><boolean id="portraitUpsideDown">false</boolean></attributes></attributes></scene>
