<?xml version="1.0" encoding="UTF-8"?>
<scene id="id269551" GSCVersion="0.9.92" PGFVersion="0.17"><layers><layer id="id112326"><actors><actor id="id224619" prototype="id364258"><attributes><point id="position"><real id="x">164.649</real><real id="y">96.9336</real></point><size id="size"><real id="width">600</real><real id="height">18</real></size></attributes><aspects/></actor><actor id="id918908" prototype="id544281"><attributes><point id="position"><real id="x">163.148</real><real id="y">272.504</real></point></attributes><aspects/></actor><actor id="id917224" prototype="id574388"><attributes><point id="position"><real id="x">165.847</real><real id="y">245.122</real></point><size id="size"><real id="width">301</real><real id="height">478</real></size></attributes><aspects/></actor><actor id="id704917" prototype="id304958"><attributes><point id="position"><real id="x">76.2461</real><real id="y">49.8633</real></point></attributes><aspects/></actor><actor id="id847234" prototype="id646985"><attributes><point id="position"><real id="x">248.371</real><real id="y">52.4492</real></point></attributes><aspects/></actor></actors><attributes><text id="name">Background</text><boolean id="scrollable">true</boolean></attributes></layer></layers><attributes><text id="name">Initial Scene</text><real id="time">0</real><size id="size"><real id="width">320</real><real id="height">480</real></size><boolean id="wrapX">false</boolean><boolean id="wrapY">false</boolean><point id="gravity"><real id="x">0</real><real id="y">0</real></point><color id="color"><real id="red">0</real><real id="green">0</real><real id="blue">0</real><real id="alpha">1</real></color><rect id="camera"><point id="origin"><real id="x">0</real><real id="y">0</real></point><size id="size"><real id="width">320</real><real id="height">480</real></size><size id="trackingArea"><real id="width">240</real><real id="height">400</real></size><real id="rotation">0</real></rect><attributes id="autorotate"><boolean id="landscapeLeft">false</boolean><boolean id="portrait">true</boolean><boolean id="landscapeRight">false</boolean><boolean id="portraitUpsideDown">false</boolean></attributes></attributes></scene>
