<?xml version="1.0" encoding="UTF-8"?>
<actor PGFVersion="0.17" id="id511237" GSCVersion="0.9.89"><attributes><text id="name">Hours</text><real id="time">0</real><point id="position"><real id="x">0</real><real id="y">0</real></point><size id="size"><real id="width">9</real><real id="height">194</real></size><angle id="rotation">0</angle><color id="color"><real id="red">1</real><real id="green">1</real><real id="blue">1</real><real id="alpha">1</real></color><image id="image">chap10-hours</image><text id="tags"></text><boolean id="preloadArt">true</boolean></attributes><behaviors><behavior id="id841390" class="CompoundBehavior" enabled="true"><attributes><text id="name">Positioning in the centre</text><text id="bundleName">Group.behavior</text></attributes><behaviors><behavior id="id238543" class="NoteBehavior" enabled="true"><attributes><text id="name">Note</text><text id="bundleName">Note.behavior</text><text id="note">In order to have a perfect positioning of the actor in the centre of the screen, we will use 2 change attribute behaviors to modify the X and Y position to 160 and 240.
160 and 240 comes from the iPhone Portrait project and thus the screen size is 320 x 480.</text></attributes></behavior><behavior id="id593400" class="ChangeAttributeAction" enabled="true"><attributes><text id="name">Change Attribute</text><text id="bundleName">ChangeAttribute.behavior</text><text id="targetAttribute">self.attributes.position.x</text><text id="RHS">160</text></attributes></behavior><behavior id="id196066" class="ChangeAttributeAction" enabled="true"><attributes><text id="name">Change Attribute</text><text id="bundleName">ChangeAttribute.behavior</text><text id="targetAttribute">self.attributes.position.y</text><text id="RHS">240</text></attributes></behavior></behaviors></behavior><behavior id="id258142" class="NoteBehavior" enabled="true"><attributes><text id="name">Note</text><text id="bundleName">Note.behavior</text><text id="note">We constrain the rotation of the hours actor to the number of hours from the clock.
We multiply by 30 as the arrow will cover 360 degrees in 12 hours (30 degrees per hour). But in addition, we also add degrees depending on the values of the minutes in order to have a more realistic effect on the hour arrow. We know that the arrow will do 30 degrees in 60 minutes, so we add 0.5 degree per minute
We add a negative sign as GameSalad measures angles counter-clockwise and we want a clockwise movement.</text></attributes></behavior><behavior id="id557893" class="ConstrainAttributeBehavior" enabled="true"><attributes><text id="name">Constrain Attribute</text><text id="bundleName">ConstrainAttribute.behavior</text><text id="targetAttribute">self.attributes.rotation</text><text id="RHS"><expression><string>-</string><reference keypath="game.devices.clock.hour"/><string>*30-30*</string><reference keypath="game.devices.clock.minute"/><string>/60</string></expression></text></attributes></behavior></behaviors><aspects><graphics><attributes><boolean id="visible">true</boolean><enumeration id="blendingMode">0</enumeration><enumeration id="horizontalWrap">0</enumeration><enumeration id="verticalWrap">0</enumeration><enumeration id="horizontalAnchor">0</enumeration><enumeration id="verticalAnchor">0</enumeration><boolean id="flipHorizontally">false</boolean><boolean id="flipVertically">false</boolean></attributes></graphics><motion><attributes><point id="linearVelocity"><real id="x">0</real><real id="y">0</real></point><real id="angularVelocity">0</real><real id="maxSpeed">0</real><boolean id="applyMaxSpeed">false</boolean></attributes></motion><physics><attributes><real id="density">1</real><real id="friction">3</real><real id="restitution">1</real><boolean id="fixedRotation">false</boolean><boolean id="movable">true</boolean><enumeration id="collisionShape">0</enumeration><real id="drag">0</real><real id="angularDrag">0</real></attributes></physics></aspects></actor>
