<?xml version="1.0" encoding="UTF-8"?>
<actor PGFVersion="0.17" id="id208187" GSCVersion="0.9.90"><attributes><text id="name">Projectile</text><real id="time">0</real><point id="position"><real id="x">0</real><real id="y">0</real></point><size id="size"><real id="width">25</real><real id="height">25</real></size><angle id="rotation">0</angle><color id="color"><real id="red">1</real><real id="green">0</real><real id="blue">0</real><real id="alpha">1</real></color><image id="image"></image><text id="tags">Collidable</text><boolean id="preloadArt">true</boolean><boolean name="HasBeenTouched" id="id668325">true</boolean></attributes><behaviors><behavior id="id517195" class="ChangeAttributeAction" enabled="true"><attributes><text id="name">Change Attribute</text><text id="bundleName">ChangeAttribute.behavior</text><text id="targetAttribute">self.attributes.id668325</text><text id="RHS">false</text></attributes></behavior><behavior id="id399133" class="ChangeAttributeAction" enabled="true"><attributes><text id="name">Change Attribute</text><text id="bundleName">ChangeAttribute.behavior</text><text id="targetAttribute">game.attributes.id676734</text><text id="RHS"><expression><reference keypath="self.attributes.position.x"/></expression></text></attributes></behavior><behavior id="id413756" class="ChangeAttributeAction" enabled="true"><attributes><text id="name">Change Attribute</text><text id="bundleName">ChangeAttribute.behavior</text><text id="targetAttribute">game.attributes.id643602</text><text id="RHS"><expression><reference keypath="self.attributes.position.y"/></expression></text></attributes></behavior><behavior enabled="true" id="id589693" class="RuleBehavior"><attributes><text id="name">Touch</text><text id="bundleName">Rule.behavior</text><real id="compoundConditionKind">0</real></attributes><conditions><condition id="id284324" pluginPredicateTypeIndex="0" eventType="touch"><attributes><index id="conditionType">0</index></attributes><predicate type="touch" conditionType="pressed"><attributes/></predicate></condition></conditions><behaviors><behavior id="id896729" class="ConstrainAttributeBehavior" enabled="true"><attributes><text id="name">Constrain Attribute</text><text id="bundleName">ConstrainAttribute.behavior</text><text id="targetAttribute">game.attributes.id286266</text><text id="RHS"><expression><reference keypath="self.attributes.position.x"/></expression></text></attributes></behavior><behavior id="id538135" class="ConstrainAttributeBehavior" enabled="true"><attributes><text id="name">Constrain Attribute</text><text id="bundleName">ConstrainAttribute.behavior</text><text id="targetAttribute">game.attributes.id859711</text><text id="RHS"><expression><reference keypath="self.attributes.position.y"/></expression></text></attributes></behavior><behavior id="id318717" class="ChangeAttributeAction" enabled="true"><attributes><text id="name">Change Attribute</text><text id="bundleName">ChangeAttribute.behavior</text><text id="targetAttribute">self.attributes.id668325</text><text id="RHS">true</text></attributes></behavior><behavior id="id549464" class="ConstrainAttributeBehavior" enabled="true"><attributes><text id="name">Constrain Attribute</text><text id="bundleName">ConstrainAttribute.behavior</text><text id="targetAttribute">self.attributes.position.x</text><text id="RHS"><expression><reference keypath="game.attributes.id676734"/><string>+min(</string><reference keypath="game.attributes.id519018"/><string>,magnitude(</string><reference keypath="game.devices.mouse.position.x"/><string>-</string><reference keypath="game.attributes.id676734"/><string>,</string><reference keypath="game.devices.mouse.position.y"/><string>-</string><reference keypath="game.attributes.id643602"/><string>))*cos(vectorToAngle(</string><reference keypath="game.devices.mouse.position.x"/><string>-</string><reference keypath="game.attributes.id676734"/><string>,</string><reference keypath="game.devices.mouse.position.y"/><string>-</string><reference keypath="game.attributes.id643602"/><string>))</string></expression></text></attributes></behavior><behavior id="id378798" class="ConstrainAttributeBehavior" enabled="true"><attributes><text id="name">Constrain Attribute</text><text id="bundleName">ConstrainAttribute.behavior</text><text id="targetAttribute">self.attributes.position.y</text><text id="RHS"><expression><reference keypath="game.attributes.id643602"/><string>+min(</string><reference keypath="game.attributes.id519018"/><string>,magnitude(</string><reference keypath="game.devices.mouse.position.x"/><string>-</string><reference keypath="game.attributes.id676734"/><string>,</string><reference keypath="game.devices.mouse.position.y"/><string>-</string><reference keypath="game.attributes.id643602"/><string>))*sin(vectorToAngle(</string><reference keypath="game.devices.mouse.position.x"/><string>-</string><reference keypath="game.attributes.id676734"/><string>,</string><reference keypath="game.devices.mouse.position.y"/><string>-</string><reference keypath="game.attributes.id643602"/><string>))</string></expression></text></attributes></behavior></behaviors><elseBehaviors><behavior id="id785679" class="ChangeAttributeAction" enabled="true"><attributes><text id="name">Change Attribute</text><text id="bundleName">ChangeAttribute.behavior</text><text id="targetAttribute">game.attributes.id286266</text><text id="RHS"><expression><reference keypath="game.attributes.id676734"/></expression></text></attributes></behavior><behavior id="id111158" class="ChangeAttributeAction" enabled="true"><attributes><text id="name">Change Attribute</text><text id="bundleName">ChangeAttribute.behavior</text><text id="targetAttribute">game.attributes.id859711</text><text id="RHS"><expression><reference keypath="game.attributes.id643602"/></expression></text></attributes></behavior><behavior enabled="true" id="id715017" class="RuleBehavior"><attributes><text id="name">Throwing</text><text id="bundleName">Rule.behavior</text><real id="compoundConditionKind">0</real></attributes><conditions><condition id="id140987" pluginPredicateTypeIndex="0" eventType="mouse button"><attributes><index id="conditionType">1</index><text id="subjectAttribute">self.attributes.id668325</text></attributes><predicate type="boolean"><attributes><index id="RHS">1</index></attributes></predicate></condition></conditions><behaviors><behavior id="id283313" class="ChangeVelocityAction" enabled="true"><attributes><text id="name">Change Velocity</text><text id="bundleName">ChangeVelocity.behavior</text><angle id="direction"><expression><string>180+vectorToAngle(</string><reference keypath="self.attributes.position.x"/><string>-</string><reference keypath="game.attributes.id676734"/><string>,</string><reference keypath="self.attributes.position.y"/><string>-</string><reference keypath="game.attributes.id643602"/><string>)</string></expression></angle><index id="space">1</index><real id="speed"><expression><string>10*magnitude(</string><reference keypath="self.attributes.position.x"/><string>-</string><reference keypath="game.attributes.id676734"/><string>,</string><reference keypath="self.attributes.position.y"/><string>-</string><reference keypath="game.attributes.id643602"/><string>)</string></expression></real></attributes></behavior><behavior id="id914631" class="AccelerateBehavior" enabled="true"><attributes><text id="name">Accelerate</text><text id="bundleName">Accelerate.behavior</text><angle id="direction">270</angle><index id="space">1</index><real id="acceleration">200</real></attributes></behavior><behavior id="id943393" class="ChangeAttributeAction" enabled="true"><attributes><text id="name">Change Attribute</text><text id="bundleName">ChangeAttribute.behavior</text><text id="targetAttribute">self.aspects.physics.attributes.drag</text><text id="RHS">100</text></attributes></behavior></behaviors><elseBehaviors/></behavior></elseBehaviors></behavior><behavior id="id615806" class="ControlCameraBehavior" enabled="true"><attributes><text id="name">Control Camera</text><text id="bundleName">ControlCamera.behavior</text></attributes></behavior></behaviors><aspects><graphics><attributes><boolean id="visible">true</boolean><enumeration id="blendingMode">0</enumeration><enumeration id="horizontalWrap">0</enumeration><enumeration id="verticalWrap">0</enumeration><enumeration id="horizontalAnchor">0</enumeration><enumeration id="verticalAnchor">0</enumeration><boolean id="flipHorizontally">false</boolean><boolean id="flipVertically">false</boolean></attributes></graphics><motion><attributes><point id="linearVelocity"><real id="x">0</real><real id="y">0</real></point><real id="angularVelocity">0</real><real id="maxSpeed">0</real><boolean id="applyMaxSpeed">false</boolean></attributes></motion><physics><attributes><real id="density">1</real><real id="friction">3</real><real id="restitution">1</real><boolean id="fixedRotation">false</boolean><boolean id="movable">true</boolean><enumeration id="collisionShape">0</enumeration><real id="drag">0</real><real id="angularDrag">0</real></attributes></physics></aspects></actor>
