<?xml version="1.0" encoding="UTF-8"?>
<actor PGFVersion="0.17" id="id509064" GSCVersion="0.9.90"><attributes><text id="name">Soft Block</text><real id="time">0</real><point id="position"><real id="x">0</real><real id="y">0</real></point><size id="size"><real id="width">100</real><real id="height">100</real></size><angle id="rotation">0</angle><color id="color"><real id="red">0.15</real><real id="green">0.95</real><real id="blue">1</real><real id="alpha">1</real></color><image id="image"></image><text id="tags">Collidable</text><boolean id="preloadArt">true</boolean><integer name="NbHit" id="id960905">0</integer></attributes><behaviors><behavior id="id655881" class="CollideBehavior" enabled="true"><attributes><text id="name">Collide</text><text id="bundleName">Collide.behavior</text><text id="prototypeKey">id481881</text><text id="actorTag">Collidable</text><index id="mode">1</index></attributes></behavior><behavior id="id268307" class="AccelerateBehavior" enabled="true"><attributes><text id="name">Accelerate</text><text id="bundleName">Accelerate.behavior</text><angle id="direction">270</angle><index id="space">1</index><real id="acceleration">200</real></attributes></behavior></behaviors><aspects><graphics><attributes><boolean id="visible">true</boolean><enumeration id="blendingMode">0</enumeration><enumeration id="horizontalWrap">0</enumeration><enumeration id="verticalWrap">0</enumeration><enumeration id="horizontalAnchor">0</enumeration><enumeration id="verticalAnchor">0</enumeration><boolean id="flipHorizontally">false</boolean><boolean id="flipVertically">false</boolean></attributes></graphics><motion><attributes><point id="linearVelocity"><real id="x">0</real><real id="y">0</real></point><real id="angularVelocity">0</real><real id="maxSpeed">0</real><boolean id="applyMaxSpeed">false</boolean></attributes></motion><physics><attributes><real id="density">1</real><real id="friction">3</real><real id="restitution">0</real><boolean id="fixedRotation">false</boolean><boolean id="movable">true</boolean><enumeration id="collisionShape">0</enumeration><real id="drag">0</real><real id="angularDrag">0</real></attributes></physics></aspects></actor>
