<?xml version="1.0" encoding="UTF-8"?>
<assets PGFVersion="0.17" GSCVersion="0.9.89"><sounds/><images><image name="chap10-button"><file name="chap10-button.png" size="439"/></image><image name="chap10-hours"><file name="chap10-hours.png" size="257"/></image><image name="chap10-minutes"><file name="chap10-minutes.png" size="179"/></image><image name="chap10-seconds"><file name="chap10-seconds.png" size="175"/></image><image name="chap10-clock"><file name="chap10-clock.png" size="133466"/></image></images><behaviors><file name="1.behavior"/></behaviors></assets>
