<?xml version="1.0" encoding="UTF-8"?>
<game GSCVersion="0.9.89" PGFVersion="0.17" title="Yet Another Clock"><tags>time, clock, analog</tags><resolutionIndependence>0</resolutionIndependence><instructions>none</instructions><resolution>1</resolution><longDescription>This project is to demonstrate that you can build non-game apps</longDescription><prototypes><actor id="id136279"/><actor id="id537849"/><actor id="id650201"/><actor id="id511237"/><actor id="id367911"/></prototypes><plugins><attributes id="kiip"><text id="appKey"></text><text id="appSecret"></text><text id="achievementIdentifiers"></text><text id="achievementNames"></text><text id="leaderboardIdentifiers"></text><text id="leaderboardNames"></text></attributes><attributes id="tapMe"><integer id="gameID">0</integer><text id="augmentIdentifiers"></text><text id="augmentNames"></text><text id="augmentCategoryIds"></text><integer id="activeAugmentID">0</integer></attributes></plugins><scenes><scene id="id269551"/></scenes><attributes><text id="name">default name</text><real id="time">0</real><size id="displaySize"><real id="width">320</real><real id="height">480</real></size><text id="actorTags"></text></attributes></game>
