<?xml version="1.0" encoding="UTF-8"?>
<assets PGFVersion="0.17" GSCVersion="0.9.90"><sounds><sound name="wall colision"><file name="wall colision.ogg" size="7169"/></sound><sound name="brick"><file name="brick.ogg" size="12879"/></sound><sound name="bullet fire"><file name="bullet fire.ogg" size="9127"/></sound></sounds><images><image name="ball"><file name="ball.png" size="9437"/></image><image name="racket"><file name="racket.png" size="9011"/></image><image name="background"><file name="background.png" size="364856"/></image><image name="Home"><file name="Home.png" size="1.07378e+06"/></image><image name="red brick"><file name="red brick.png" size="8798"/></image><image name="blue brick"><file name="blue brick.png" size="9011"/></image><image name="play1"><file name="play1.png" size="15679"/></image><image name="play2"><file name="play2.png" size="15682"/></image><image name="Leaderboard1"><file name="Leaderboard1.png" size="19972"/></image><image name="speaker"><file name="speaker.png" size="15092"/></image><image name="speaker off"><file name="speaker off.png" size="15879"/></image><image name="resume"><file name="resume.png" size="15024"/></image><image name="pause"><file name="pause.png" size="10449"/></image><image name="50 pt"><file name="50 pt.png" size="12008"/></image><image name="Menu"><file name="Menu.png" size="9974"/></image><image name="Bullet"><file name="Bullet.png" size="10904"/></image><image name="100 pt"><file name="100 pt.png" size="11941"/></image><image name="bullet-img"><file name="bullet-img.png" size="18761"/></image></images><behaviors/></assets>
