<?xml version="1.0" encoding="UTF-8"?>
<scene id="id269551" GSCVersion="0.9.89" PGFVersion="0.17"><layers><layer id="id112326"><actors><actor id="id420792" prototype="id696517"><attributes><point id="position"><real id="x">65.3438</real><real id="y">957.879</real></point><size id="size"><real id="width">128</real><real id="height">20</real></size></attributes><aspects/></actor><actor id="id837802" prototype="id696517"><attributes><point id="position"><real id="x">192.773</real><real id="y">958.223</real></point><size id="size"><real id="width">128</real><real id="height">20</real></size></attributes><aspects/></actor><actor id="id998401" prototype="id696517"><attributes><point id="position"><real id="x">320.953</real><real id="y">957.961</real></point><size id="size"><real id="width">128</real><real id="height">20</real></size></attributes><aspects/></actor><actor id="id478979" prototype="id696517"><attributes><point id="position"><real id="x">449.035</real><real id="y">958.281</real></point><size id="size"><real id="width">128</real><real id="height">20</real></size></attributes><aspects/></actor><actor id="id872443" prototype="id696517"><attributes><point id="position"><real id="x">576.715</real><real id="y">958.391</real></point><size id="size"><real id="width">128</real><real id="height">20</real></size></attributes><aspects/></actor><actor id="id506346" prototype="id696517"><attributes><point id="position"><real id="x">703.926</real><real id="y">957.57</real></point></attributes><aspects/></actor><actor id="id507122" prototype="id945677"><attributes><point id="position"><real id="x">348.602</real><real id="y">53.3672</real></point><size id="size"><real id="width">200</real><real id="height">20</real></size></attributes><aspects/></actor><actor id="id383042" prototype="id176141"><attributes><point id="position"><real id="x">-9.96094</real><real id="y">512.566</real></point><size id="size"><real id="width">20</real><real id="height">1024</real></size></attributes><aspects/></actor><actor id="id851764" prototype="id176141"><attributes><point id="position"><real id="x">777.5</real><real id="y">513.461</real></point><size id="size"><real id="width">20</real><real id="height">1024</real></size></attributes><aspects/></actor><actor id="id262235" prototype="id107659"><attributes><point id="position"><real id="x">384.129</real><real id="y">1034.74</real></point><size id="size"><real id="width">768</real><real id="height">20</real></size></attributes><aspects/></actor><actor id="id505897" prototype="id918110"><attributes><point id="position"><real id="x">382.629</real><real id="y">-9.58984</real></point><size id="size"><real id="width">768</real><real id="height">20</real></size></attributes><aspects/></actor><actor id="id412911" prototype="id506373"><attributes><point id="position"><real id="x">380.84</real><real id="y">510.291</real></point><size id="size"><real id="width">700</real><real id="height">300</real></size></attributes><aspects/></actor><actor id="id740545" prototype="id944790"><attributes><point id="position"><real id="x">52.3281</real><real id="y">993.68</real></point><size id="size"><real id="width">81.3203</real><real id="height">50.0703</real></size></attributes><aspects/></actor></actors><attributes><text id="name">Background</text><boolean id="scrollable">true</boolean></attributes></layer></layers><attributes><text id="name">Initial Scene</text><real id="time">0</real><size id="size"><real id="width">768</real><real id="height">1024</real></size><boolean id="wrapX">false</boolean><boolean id="wrapY">false</boolean><point id="gravity"><real id="x">0</real><real id="y">0</real></point><color id="color"><real id="red">0</real><real id="green">0</real><real id="blue">0</real><real id="alpha">1</real></color><rect id="camera"><point id="origin"><real id="x">0</real><real id="y">0</real></point><size id="size"><real id="width">768</real><real id="height">1024</real></size><size id="trackingArea"><real id="width">688</real><real id="height">944</real></size><real id="rotation">0</real></rect><attributes id="autorotate"><boolean id="landscapeLeft">false</boolean><boolean id="portrait">true</boolean><boolean id="landscapeRight">false</boolean><boolean id="portraitUpsideDown">true</boolean></attributes></attributes></scene>
