<?xml version="1.0" encoding="UTF-8"?>
<actor PGFVersion="0.17" id="id646531" GSCVersion="0.9.89"><attributes><text id="name">Carrots</text><real id="time">0</real><point id="position"><real id="x">0</real><real id="y">0</real></point><size id="size"><real id="width">12</real><real id="height">42</real></size><angle id="rotation">0</angle><color id="color"><real id="red">1</real><real id="green">1</real><real id="blue">1</real><real id="alpha">1</real></color><image id="image">carrot</image><text id="tags"></text><boolean id="preloadArt">true</boolean><real name="InitX" id="id226570">0</real><real name="InitY" id="id662831">0</real></attributes><behaviors><behavior id="id866421" class="NoteBehavior" enabled="true"><attributes><text id="name">Note</text><text id="bundleName">Note.behavior</text><text id="note">This 'Change Attribute' behavior is incrementing by 1 every time an actor is positioned on the scene. This way when we start the scene we will have the number of carrots on the screen in NumberCarrots</text></attributes></behavior><behavior id="id375059" class="ChangeAttributeAction" enabled="true"><attributes><text id="name">Change Attribute</text><text id="bundleName">ChangeAttribute.behavior</text><text id="targetAttribute">game.attributes.id445327</text><text id="RHS"><expression><reference keypath="game.attributes.id445327"/><string>+1</string></expression></text></attributes></behavior><behavior id="id461736" class="NoteBehavior" enabled="true"><attributes><text id="name">Note</text><text id="bundleName">Note.behavior</text><text id="note">This rule will detect the collision with a bullet and decrement by 1 NumberCarrot and also destroy the carrot actor</text></attributes></behavior><behavior enabled="true" id="id958959" class="RuleBehavior"><attributes><text id="name">Destroy the Carrot</text><text id="bundleName">Rule.behavior</text><real id="compoundConditionKind">0</real></attributes><conditions><condition id="id683766" pluginPredicateTypeIndex="0" eventType="overlaps or collides"><attributes><index id="conditionType">0</index></attributes><predicate type="collision"><attributes><text id="prototypeKey">id257058</text><text id="actorTag">Veggies</text><real id="mode">0</real></attributes></predicate></condition></conditions><behaviors><behavior id="id912757" class="TimerBehavior" enabled="true"><attributes><text id="name">Timer</text><text id="bundleName">Timer.behavior</text><index id="timerType">1</index><real id="interval">0.4</real><boolean id="runToCompletion">true</boolean></attributes><behaviors><behavior id="id770750" class="ChangeAttributeAction" enabled="true"><attributes><text id="name">Change Attribute</text><text id="bundleName">ChangeAttribute.behavior</text><text id="targetAttribute">game.attributes.id445327</text><text id="RHS"><expression><reference keypath="game.attributes.id445327"/><string>-1</string></expression></text></attributes></behavior><behavior id="id580225" class="DestroyAction" enabled="true"><attributes><text id="name">Destroy</text><text id="bundleName">Destroy.behavior</text></attributes></behavior></behaviors></behavior></behaviors><elseBehaviors/></behavior><behavior id="id191674" class="CompoundBehavior" enabled="true"><attributes><text id="name">Movements</text><text id="bundleName">Group.behavior</text></attributes><behaviors><behavior id="id435159" class="ChangeAttributeAction" enabled="true"><attributes><text id="name">Change Attribute</text><text id="bundleName">ChangeAttribute.behavior</text><text id="targetAttribute">self.attributes.id226570</text><text id="RHS"><expression><reference keypath="self.attributes.position.x"/></expression></text></attributes></behavior><behavior id="id826818" class="ChangeAttributeAction" enabled="true"><attributes><text id="name">Change Attribute</text><text id="bundleName">ChangeAttribute.behavior</text><text id="targetAttribute">self.attributes.id662831</text><text id="RHS"><expression><reference keypath="self.attributes.position.y"/></expression></text></attributes></behavior><behavior id="id731187" class="ConstrainAttributeBehavior" enabled="true"><attributes><text id="name">Constrain Attribute</text><text id="bundleName">ConstrainAttribute.behavior</text><text id="targetAttribute">self.attributes.position.x</text><text id="RHS"><expression><reference keypath="self.attributes.id226570"/><string>+20*sin(</string><reference keypath="self.attributes.time"/><string>*100)</string><string>^3</string></expression></text></attributes></behavior><behavior id="id735261" class="ConstrainAttributeBehavior" enabled="true"><attributes><text id="name">Constrain Attribute</text><text id="bundleName">ConstrainAttribute.behavior</text><text id="targetAttribute">self.attributes.position.y</text><text id="RHS"><expression><reference keypath="self.attributes.id662831"/><string>+20*((sin(</string><reference keypath="self.attributes.time"/><string>*100)^4)</string><string>-cos(</string><reference keypath="self.attributes.time"/><string>*100))</string></expression></text></attributes></behavior><behavior id="id457048" class="TimerBehavior" enabled="true"><attributes><text id="name">Timer</text><text id="bundleName">Timer.behavior</text><index id="timerType">0</index><real id="interval">10</real><boolean id="runToCompletion">false</boolean></attributes><behaviors><behavior id="id330197" class="ChangeAttributeAction" enabled="true"><attributes><text id="name">Change Attribute</text><text id="bundleName">ChangeAttribute.behavior</text><text id="targetAttribute">self.attributes.id662831</text><text id="RHS"><expression><reference keypath="self.attributes.id662831"/><string>-15</string></expression></text></attributes></behavior></behaviors></behavior></behaviors></behavior></behaviors><aspects><graphics><attributes><boolean id="visible">true</boolean><enumeration id="blendingMode">0</enumeration><enumeration id="horizontalWrap">0</enumeration><enumeration id="verticalWrap">0</enumeration><enumeration id="horizontalAnchor">0</enumeration><enumeration id="verticalAnchor">0</enumeration><boolean id="flipHorizontally">false</boolean><boolean id="flipVertically">false</boolean></attributes></graphics><motion><attributes><point id="linearVelocity"><real id="x">0</real><real id="y">0</real></point><real id="angularVelocity">0</real><real id="maxSpeed">0</real><boolean id="applyMaxSpeed">false</boolean></attributes></motion><physics><attributes><real id="density">1</real><real id="friction">3</real><real id="restitution">1</real><boolean id="fixedRotation">false</boolean><boolean id="movable">true</boolean><enumeration id="collisionShape">0</enumeration><real id="drag">0</real><real id="angularDrag">0</real></attributes></physics></aspects></actor>
